locus_a,locus_b,category,biological_rationale,single_a_essential,single_b_essential,pair_essential,is_synthetic_lethal,single_a_mode,single_b_mode,pair_mode,pair_confidence,mechanism_summary,pair_wall_s
JCVISYN3A_0876,JCVISYN3A_0878,A2_paralog_tight,ESM-2 cosine 0.996 (v15-nonessential pool),0,0,1,1,none,none,catalysis_silenced,1.0,"a:traj_only[silenced: catalysis:ALAt2r[wt=128],catalysis:ARGt2r[wt=95],catalysis:ASNt2r[wt=136] (+15 more)] | b:traj_only[silenced: catalysis:ALAt2r[wt=128],catalysis:ARGt2r[wt=95],catalysis:ASNt2r[wt=136] (+15 more)]",19.859673261642456
JCVISYN3A_0439,JCVISYN3A_0835,A2_paralog_tight,ESM-2 cosine 0.997 (v15-nonessential pool),0,0,0,0,none,none,none,0.0,none[a:no_signal[cx:cx_none|ann:ann_none|traj:no_catalytic_rules] | b:no_signal[cx:cx_none|ann:ann_none|traj:no_catalytic_rules]],20.443735361099243
JCVISYN3A_0033,JCVISYN3A_0636,A2_paralog_tight,ESM-2 cosine 0.996 (v15-nonessential pool),0,0,0,0,none,none,none,0.0,none[a:no_signal[cx:cx_none|ann:ann_none|traj:no_catalytic_rules] | b:no_signal[cx:cx_none|ann:ann_none|traj:no_catalytic_rules]],20.641525983810425
JCVISYN3A_0439,JCVISYN3A_0440,A2_paralog_tight,ESM-2 cosine 0.996 (v15-nonessential pool),0,0,0,0,none,none,none,0.0,none[a:no_signal[cx:cx_none|ann:ann_none|traj:no_catalytic_rules] | b:no_signal[cx:cx_none|ann:ann_none|traj:no_catalytic_rules]],19.769986867904663
JCVISYN3A_0034,JCVISYN3A_0399,A2_paralog_tight,ESM-2 cosine 0.996 (v15-nonessential pool),0,0,0,0,none,none,none,0.0,none[a:no_signal[cx:cx_none|ann:ann_none|traj:no_catalytic_rules] | b:no_signal[cx:cx_none|ann:ann_none|traj:no_catalytic_rules]],20.52460741996765
JCVISYN3A_0398,JCVISYN3A_0636,A2_paralog_tight,ESM-2 cosine 0.996 (v15-nonessential pool),0,0,0,0,none,none,none,0.0,none[a:no_signal[cx:cx_none|ann:ann_none|traj:no_catalytic_rules] | b:no_signal[cx:cx_none|ann:ann_none|traj:no_catalytic_rules]],20.91178822517395
JCVISYN3A_0077,JCVISYN3A_0728,A2_paralog_tight,ESM-2 cosine 0.994 (v15-nonessential pool),0,0,0,0,none,none,none,0.0,none[a:no_signal[cx:cx_none|ann:ann_none|traj:no_catalytic_rules] | b:no_signal[cx:cx_none|ann:ann_none|traj:no_catalytic_rules]],17.46713900566101
JCVISYN3A_0164,JCVISYN3A_0296,A2_paralog_tight,ESM-2 cosine 0.995 (v15-nonessential pool),0,0,0,0,none,none,none,0.0,none[a:no_signal[cx:cx_none|ann:ann_none|traj:no_catalytic_rules] | b:no_signal[cx:cx_none|ann:ann_none|traj:no_catalytic_rules]],20.32699465751648
JCVISYN3A_0399,JCVISYN3A_0639,A2_paralog_tight,ESM-2 cosine 0.994 (v15-nonessential pool),0,0,0,0,none,none,none,0.0,none[a:no_signal[cx:cx_none|ann:ann_none|traj:no_catalytic_rules] | b:no_signal[cx:cx_none|ann:ann_none|traj:no_catalytic_rules]],20.91190528869629
JCVISYN3A_0440,JCVISYN3A_0835,A2_paralog_tight,ESM-2 cosine 0.994 (v15-nonessential pool),0,0,0,0,none,none,none,0.0,none[a:no_signal[cx:cx_none|ann:ann_none|traj:no_catalytic_rules] | b:no_signal[cx:cx_none|ann:ann_none|traj:no_catalytic_rules]],21.21185040473938
JCVISYN3A_0033,JCVISYN3A_0398,A2_paralog_tight,ESM-2 cosine 0.994 (v15-nonessential pool),0,0,0,0,none,none,none,0.0,none[a:no_signal[cx:cx_none|ann:ann_none|traj:no_catalytic_rules] | b:no_signal[cx:cx_none|ann:ann_none|traj:no_catalytic_rules]],21.043612480163574
JCVISYN3A_0248,JCVISYN3A_0538,A2_paralog_tight,ESM-2 cosine 0.993 (v15-nonessential pool),0,0,0,0,none,none,none,0.0,none[a:no_signal[cx:cx_none|ann:ann_none|traj:no_catalytic_rules] | b:no_signal[cx:cx_none|ann:ann_none|traj:no_catalytic_rules]],21.143138885498047
JCVISYN3A_0146,JCVISYN3A_0530,A2_paralog_tight,ESM-2 cosine 0.992 (v15-nonessential pool),0,0,0,0,none,none,none,0.0,none[a:no_signal[cx:cx_none|ann:ann_none|traj:no_catalytic_rules] | b:no_signal[cx:cx_none|ann:ann_none|traj:no_catalytic_rules]],19.13072395324707
JCVISYN3A_0373,JCVISYN3A_0530,A2_paralog_tight,ESM-2 cosine 0.992 (v15-nonessential pool),0,0,0,0,none,none,none,0.0,none[a:no_signal[cx:cx_none|ann:ann_none|traj:no_catalytic_rules] | b:no_signal[cx:cx_none|ann:ann_none|traj:no_catalytic_rules]],21.402039051055908
JCVISYN3A_0066,JCVISYN3A_0728,A2_paralog_tight,ESM-2 cosine 0.992 (v15-nonessential pool),0,0,0,0,none,none,none,0.0,none[a:no_signal[cx:cx_none|ann:ann_none|traj:no_catalytic_rules] | b:no_signal[cx:cx_none|ann:ann_none|traj:no_catalytic_rules]],21.143035173416138
JCVISYN3A_0108,JCVISYN3A_0439,A2_paralog_tight,ESM-2 cosine 0.992 (v15-nonessential pool),0,0,0,0,none,none,none,0.0,none[a:no_signal[cx:cx_none|ann:ann_none|traj:no_catalytic_rules] | b:no_signal[cx:cx_none|ann:ann_none|traj:no_catalytic_rules]],20.697738885879517
JCVISYN3A_0034,JCVISYN3A_0639,A2_paralog_tight,ESM-2 cosine 0.991 (v15-nonessential pool),0,0,0,0,none,none,none,0.0,none[a:no_signal[cx:cx_none|ann:ann_none|traj:no_catalytic_rules] | b:no_signal[cx:cx_none|ann:ann_none|traj:no_catalytic_rules]],18.870307683944702
JCVISYN3A_0439,JCVISYN3A_0505,A2_paralog_tight,ESM-2 cosine 0.991 (v15-nonessential pool),0,0,0,0,none,none,none,0.0,none[a:no_signal[cx:cx_none|ann:ann_none|traj:no_catalytic_rules] | b:no_signal[cx:cx_none|ann:ann_none|traj:no_catalytic_rules]],20.80570101737976
JCVISYN3A_0296,JCVISYN3A_0827,A2_paralog_tight,ESM-2 cosine 0.991 (v15-nonessential pool),0,0,0,0,none,none,none,0.0,none[a:no_signal[cx:cx_none|ann:ann_none|traj:no_catalytic_rules] | b:no_signal[cx:cx_none|ann:ann_none|traj:no_catalytic_rules]],19.031625270843506
JCVISYN3A_0286,JCVISYN3A_0373,A2_paralog_tight,ESM-2 cosine 0.991 (v15-nonessential pool),0,0,0,0,none,none,none,0.0,none[a:no_signal[cx:cx_none|ann:ann_none|traj:no_catalytic_rules] | b:no_signal[cx:cx_none|ann:ann_none|traj:no_catalytic_rules]],23.964433193206787
JCVISYN3A_0108,JCVISYN3A_0835,A2_paralog_tight,ESM-2 cosine 0.991 (v15-nonessential pool),0,0,0,0,none,none,none,0.0,none[a:no_signal[cx:cx_none|ann:ann_none|traj:no_catalytic_rules] | b:no_signal[cx:cx_none|ann:ann_none|traj:no_catalytic_rules]],18.318426609039307
JCVISYN3A_0164,JCVISYN3A_0601,A2_paralog_tight,ESM-2 cosine 0.990 (v15-nonessential pool),0,0,0,0,none,none,none,0.0,none[a:no_signal[cx:cx_none|ann:ann_none|traj:no_catalytic_rules] | b:no_signal[cx:cx_none|ann:ann_none|traj:no_catalytic_rules]],20.970397233963013
JCVISYN3A_0296,JCVISYN3A_0601,A2_paralog_tight,ESM-2 cosine 0.990 (v15-nonessential pool),0,0,0,0,none,none,none,0.0,none[a:no_signal[cx:cx_none|ann:ann_none|traj:no_catalytic_rules] | b:no_signal[cx:cx_none|ann:ann_none|traj:no_catalytic_rules]],21.441657304763794
JCVISYN3A_0066,JCVISYN3A_0077,A2_paralog_tight,ESM-2 cosine 0.990 (v15-nonessential pool),0,0,0,0,none,none,none,0.0,none[a:no_signal[cx:cx_none|ann:ann_none|traj:no_catalytic_rules] | b:no_signal[cx:cx_none|ann:ann_none|traj:no_catalytic_rules]],18.236737728118896
JCVISYN3A_0728,JCVISYN3A_0907,A2_paralog_loose,ESM-2 cosine 0.990 (v15-nonessential pool),0,0,0,0,none,none,none,0.0,none[a:no_signal[cx:cx_none|ann:ann_none|traj:no_catalytic_rules] | b:no_signal[cx:cx_none|ann:ann_none|traj:no_catalytic_rules]],17.86683750152588
JCVISYN3A_0346,JCVISYN3A_0530,A2_paralog_loose,ESM-2 cosine 0.990 (v15-nonessential pool),0,0,0,0,none,none,none,0.0,none[a:no_signal[cx:cx_none|ann:ann_none|traj:no_catalytic_rules] | b:no_signal[cx:cx_none|ann:ann_none|traj:no_catalytic_rules]],21.141667366027832
JCVISYN3A_0505,JCVISYN3A_0835,A2_paralog_loose,ESM-2 cosine 0.989 (v15-nonessential pool),0,0,0,0,none,none,none,0.0,none[a:no_signal[cx:cx_none|ann:ann_none|traj:no_catalytic_rules] | b:no_signal[cx:cx_none|ann:ann_none|traj:no_catalytic_rules]],20.43047285079956
JCVISYN3A_0326,JCVISYN3A_0530,A2_paralog_loose,ESM-2 cosine 0.989 (v15-nonessential pool),0,0,0,0,none,none,none,0.0,none[a:no_signal[cx:cx_none|ann:ann_none|traj:no_catalytic_rules] | b:no_signal[cx:cx_none|ann:ann_none|traj:no_catalytic_rules]],20.518287420272827
JCVISYN3A_0440,JCVISYN3A_0505,A2_paralog_loose,ESM-2 cosine 0.989 (v15-nonessential pool),0,0,0,0,none,none,none,0.0,none[a:no_signal[cx:cx_none|ann:ann_none|traj:no_catalytic_rules] | b:no_signal[cx:cx_none|ann:ann_none|traj:no_catalytic_rules]],20.110649824142456
JCVISYN3A_0296,JCVISYN3A_0538,A2_paralog_loose,ESM-2 cosine 0.989 (v15-nonessential pool),0,0,0,0,none,none,none,0.0,none[a:no_signal[cx:cx_none|ann:ann_none|traj:no_catalytic_rules] | b:no_signal[cx:cx_none|ann:ann_none|traj:no_catalytic_rules]],18.639374256134033
JCVISYN3A_0108,JCVISYN3A_0440,A2_paralog_loose,ESM-2 cosine 0.989 (v15-nonessential pool),0,0,0,0,none,none,none,0.0,none[a:no_signal[cx:cx_none|ann:ann_none|traj:no_catalytic_rules] | b:no_signal[cx:cx_none|ann:ann_none|traj:no_catalytic_rules]],20.608473539352417
JCVISYN3A_0077,JCVISYN3A_0710,A2_paralog_loose,ESM-2 cosine 0.988 (v15-nonessential pool),0,0,0,0,none,none,none,0.0,none[a:no_signal[cx:cx_none|ann:ann_none|traj:no_catalytic_rules] | b:no_signal[cx:cx_none|ann:ann_none|traj:no_catalytic_rules]],21.114799976348877
JCVISYN3A_0033,JCVISYN3A_0439,A2_paralog_loose,ESM-2 cosine 0.988 (v15-nonessential pool),0,0,0,0,none,none,none,0.0,none[a:no_signal[cx:cx_none|ann:ann_none|traj:no_catalytic_rules] | b:no_signal[cx:cx_none|ann:ann_none|traj:no_catalytic_rules]],20.148707389831543
JCVISYN3A_0440,JCVISYN3A_0636,A2_paralog_loose,ESM-2 cosine 0.988 (v15-nonessential pool),0,0,0,0,none,none,none,0.0,none[a:no_signal[cx:cx_none|ann:ann_none|traj:no_catalytic_rules] | b:no_signal[cx:cx_none|ann:ann_none|traj:no_catalytic_rules]],20.793182134628296
JCVISYN3A_0146,JCVISYN3A_0373,A2_paralog_loose,ESM-2 cosine 0.988 (v15-nonessential pool),0,0,0,0,none,none,none,0.0,none[a:no_signal[cx:cx_none|ann:ann_none|traj:no_catalytic_rules] | b:no_signal[cx:cx_none|ann:ann_none|traj:no_catalytic_rules]],21.614866018295288
JCVISYN3A_0296,JCVISYN3A_0478,A2_paralog_loose,ESM-2 cosine 0.988 (v15-nonessential pool),0,0,0,0,none,none,none,0.0,none[a:no_signal[cx:cx_none|ann:ann_none|traj:no_catalytic_rules] | b:no_signal[cx:cx_none|ann:ann_none|traj:no_catalytic_rules]],20.720160007476807
JCVISYN3A_0326,JCVISYN3A_0373,A2_paralog_loose,ESM-2 cosine 0.988 (v15-nonessential pool),0,0,0,0,none,none,none,0.0,none[a:no_signal[cx:cx_none|ann:ann_none|traj:no_catalytic_rules] | b:no_signal[cx:cx_none|ann:ann_none|traj:no_catalytic_rules]],19.683104515075684
JCVISYN3A_0439,JCVISYN3A_0636,A2_paralog_loose,ESM-2 cosine 0.988 (v15-nonessential pool),0,0,0,0,none,none,none,0.0,none[a:no_signal[cx:cx_none|ann:ann_none|traj:no_catalytic_rules] | b:no_signal[cx:cx_none|ann:ann_none|traj:no_catalytic_rules]],17.908895015716553
JCVISYN3A_0034,JCVISYN3A_0479,A2_paralog_loose,ESM-2 cosine 0.988 (v15-nonessential pool),0,0,0,0,none,none,none,0.0,none[a:no_signal[cx:cx_none|ann:ann_none|traj:no_catalytic_rules] | b:no_signal[cx:cx_none|ann:ann_none|traj:no_catalytic_rules]],20.10702157020569
JCVISYN3A_0250,JCVISYN3A_0346,A2_paralog_loose,ESM-2 cosine 0.988 (v15-nonessential pool),0,0,0,0,none,none,none,0.0,none[a:no_signal[cx:cx_none|ann:ann_none|traj:no_catalytic_rules] | b:no_signal[cx:cx_none|ann:ann_none|traj:no_catalytic_rules]],20.95418620109558
JCVISYN3A_0373,JCVISYN3A_0777,A2_paralog_loose,ESM-2 cosine 0.988 (v15-nonessential pool),0,0,0,0,none,none,none,0.0,none[a:no_signal[cx:cx_none|ann:ann_none|traj:no_catalytic_rules] | b:no_signal[cx:cx_none|ann:ann_none|traj:no_catalytic_rules]],20.425649881362915
JCVISYN3A_0330,JCVISYN3A_0382,A2_paralog_loose,ESM-2 cosine 0.988 (v15-nonessential pool),0,0,0,0,none,none,none,0.0,"none[a:no_signal[cx:cx_none|ann:ann_none|traj:wt_under_threshold: catalysis:DADNK[wt=12],catalysis:DADNK:rev[wt=0],catalysis:DCYTK[wt=14]] | b:no_signal[cx:cx_none|ann:ann_none|traj:wt_under_threshold: catalysis:DADNK[wt=12],catalysis:DADNK:rev[wt=0],catalysis:DCYTK[wt=14]]]",19.61152720451355
JCVISYN3A_0346,JCVISYN3A_0373,A2_paralog_loose,ESM-2 cosine 0.988 (v15-nonessential pool),0,0,0,0,none,none,none,0.0,none[a:no_signal[cx:cx_none|ann:ann_none|traj:no_catalytic_rules] | b:no_signal[cx:cx_none|ann:ann_none|traj:no_catalytic_rules]],18.338553190231323
JCVISYN3A_0033,JCVISYN3A_0440,A2_paralog_loose,ESM-2 cosine 0.988 (v15-nonessential pool),0,0,0,0,none,none,none,0.0,none[a:no_signal[cx:cx_none|ann:ann_none|traj:no_catalytic_rules] | b:no_signal[cx:cx_none|ann:ann_none|traj:no_catalytic_rules]],20.715631246566772
JCVISYN3A_0346,JCVISYN3A_0827,A2_paralog_loose,ESM-2 cosine 0.982 (v15-nonessential pool),0,0,0,0,none,none,none,0.0,none[a:no_signal[cx:cx_none|ann:ann_none|traj:no_catalytic_rules] | b:no_signal[cx:cx_none|ann:ann_none|traj:no_catalytic_rules]],19.630217790603638
JCVISYN3A_0379,JCVISYN3A_0599,A2_paralog_loose,ESM-2 cosine 0.982 (v15-nonessential pool),0,0,0,0,none,none,none,0.0,none[a:no_signal[cx:cx_none|ann:ann_none|traj:no_catalytic_rules] | b:no_signal[cx:cx_none|ann:ann_none|traj:no_catalytic_rules]],19.189870357513428
JCVISYN3A_0164,JCVISYN3A_0235,A2_paralog_loose,ESM-2 cosine 0.985 (v15-nonessential pool),0,0,0,0,none,none,none,0.0,none[a:no_signal[cx:cx_none|ann:ann_none|traj:no_catalytic_rules] | b:no_signal[cx:cx_none|ann:ann_none|traj:no_catalytic_rules]],20.15929126739502
JCVISYN3A_0778,JCVISYN3A_0852,A2_paralog_loose,ESM-2 cosine 0.986 (v15-nonessential pool),0,0,0,0,none,none,none,0.0,none[a:no_signal[cx:cx_none|ann:ann_none|traj:no_catalytic_rules] | b:no_signal[cx:cx_none|ann:ann_none|traj:no_catalytic_rules]],20.903209924697876
JCVISYN3A_0398,JCVISYN3A_0835,A2_paralog_loose,ESM-2 cosine 0.983 (v15-nonessential pool),0,0,0,0,none,none,none,0.0,none[a:no_signal[cx:cx_none|ann:ann_none|traj:no_catalytic_rules] | b:no_signal[cx:cx_none|ann:ann_none|traj:no_catalytic_rules]],19.989875078201294
JCVISYN3A_0346,JCVISYN3A_0623,A2_paralog_loose,ESM-2 cosine 0.983 (v15-nonessential pool),0,0,0,0,none,none,none,0.0,none[a:no_signal[cx:cx_none|ann:ann_none|traj:no_catalytic_rules] | b:no_signal[cx:cx_none|ann:ann_none|traj:no_catalytic_rules]],18.42375612258911
JCVISYN3A_0286,JCVISYN3A_0326,A2_paralog_loose,ESM-2 cosine 0.983 (v15-nonessential pool),0,0,0,0,none,none,none,0.0,none[a:no_signal[cx:cx_none|ann:ann_none|traj:no_catalytic_rules] | b:no_signal[cx:cx_none|ann:ann_none|traj:no_catalytic_rules]],20.95602560043335
JCVISYN3A_0138,JCVISYN3A_0827,A2_paralog_loose,ESM-2 cosine 0.981 (v15-nonessential pool),0,0,0,0,none,none,none,0.0,none[a:no_signal[cx:cx_none|ann:ann_none|traj:no_catalytic_rules] | b:no_signal[cx:cx_none|ann:ann_none|traj:no_catalytic_rules]],20.558666229248047
JCVISYN3A_0143,JCVISYN3A_0827,A2_paralog_loose,ESM-2 cosine 0.982 (v15-nonessential pool),0,0,0,0,none,none,none,0.0,none[a:no_signal[cx:cx_none|ann:ann_none|traj:no_catalytic_rules] | b:no_signal[cx:cx_none|ann:ann_none|traj:no_catalytic_rules]],20.443033933639526
JCVISYN3A_0516,JCVISYN3A_0827,A2_paralog_loose,ESM-2 cosine 0.982 (v15-nonessential pool),0,0,0,0,none,none,none,0.0,none[a:no_signal[cx:cx_none|ann:ann_none|traj:no_catalytic_rules] | b:no_signal[cx:cx_none|ann:ann_none|traj:no_catalytic_rules]],19.786328315734863
JCVISYN3A_0033,JCVISYN3A_0108,A2_paralog_loose,ESM-2 cosine 0.985 (v15-nonessential pool),0,0,0,0,none,none,none,0.0,none[a:no_signal[cx:cx_none|ann:ann_none|traj:no_catalytic_rules] | b:no_signal[cx:cx_none|ann:ann_none|traj:no_catalytic_rules]],20.214040756225586
JCVISYN3A_0398,JCVISYN3A_0827,A2_paralog_loose,ESM-2 cosine 0.986 (v15-nonessential pool),0,0,0,0,none,none,none,0.0,none[a:no_signal[cx:cx_none|ann:ann_none|traj:no_catalytic_rules] | b:no_signal[cx:cx_none|ann:ann_none|traj:no_catalytic_rules]],19.18308186531067
JCVISYN3A_0296,JCVISYN3A_0479,A2_paralog_loose,ESM-2 cosine 0.981 (v15-nonessential pool),0,0,0,0,none,none,none,0.0,none[a:no_signal[cx:cx_none|ann:ann_none|traj:no_catalytic_rules] | b:no_signal[cx:cx_none|ann:ann_none|traj:no_catalytic_rules]],21.16103506088257
JCVISYN3A_0005,JCVISYN3A_0827,A2_paralog_loose,ESM-2 cosine 0.982 (v15-nonessential pool),0,0,0,0,none,none,none,0.0,none[a:no_signal[cx:cx_none|ann:ann_none|traj:no_catalytic_rules] | b:no_signal[cx:cx_none|ann:ann_none|traj:no_catalytic_rules]],21.5131733417511
JCVISYN3A_0346,JCVISYN3A_0777,A2_paralog_loose,ESM-2 cosine 0.985 (v15-nonessential pool),0,0,0,0,none,none,none,0.0,none[a:no_signal[cx:cx_none|ann:ann_none|traj:no_catalytic_rules] | b:no_signal[cx:cx_none|ann:ann_none|traj:no_catalytic_rules]],20.794689178466797
JCVISYN3A_0325,JCVISYN3A_0691,A2_paralog_loose,ESM-2 cosine 0.986 (v15-nonessential pool),0,0,0,0,none,none,none,0.0,none[a:no_signal[cx:cx_none|ann:ann_none|traj:no_catalytic_rules] | b:no_signal[cx:cx_none|ann:ann_none|traj:no_catalytic_rules]],20.756460666656494
JCVISYN3A_0143,JCVISYN3A_0346,A2_paralog_loose,ESM-2 cosine 0.982 (v15-nonessential pool),0,0,0,0,none,none,none,0.0,none[a:no_signal[cx:cx_none|ann:ann_none|traj:no_catalytic_rules] | b:no_signal[cx:cx_none|ann:ann_none|traj:no_catalytic_rules]],20.609962940216064
JCVISYN3A_0116,JCVISYN3A_0827,A2_paralog_loose,ESM-2 cosine 0.983 (v15-nonessential pool),0,0,0,0,none,none,none,0.0,none[a:no_signal[cx:cx_none|ann:ann_none|traj:no_catalytic_rules] | b:no_signal[cx:cx_none|ann:ann_none|traj:no_catalytic_rules]],20.733086347579956
JCVISYN3A_0248,JCVISYN3A_0296,A2_paralog_loose,ESM-2 cosine 0.987 (v15-nonessential pool),0,0,0,0,none,none,none,0.0,none[a:no_signal[cx:cx_none|ann:ann_none|traj:no_catalytic_rules] | b:no_signal[cx:cx_none|ann:ann_none|traj:no_catalytic_rules]],20.6739821434021
JCVISYN3A_0250,JCVISYN3A_0530,A2_paralog_loose,ESM-2 cosine 0.985 (v15-nonessential pool),0,0,0,0,none,none,none,0.0,none[a:no_signal[cx:cx_none|ann:ann_none|traj:no_catalytic_rules] | b:no_signal[cx:cx_none|ann:ann_none|traj:no_catalytic_rules]],21.08273220062256
JCVISYN3A_0143,JCVISYN3A_0164,A2_paralog_loose,ESM-2 cosine 0.985 (v15-nonessential pool),0,0,0,0,none,none,none,0.0,none[a:no_signal[cx:cx_none|ann:ann_none|traj:no_catalytic_rules] | b:no_signal[cx:cx_none|ann:ann_none|traj:no_catalytic_rules]],20.8271541595459
JCVISYN3A_0478,JCVISYN3A_0622,A2_paralog_loose,ESM-2 cosine 0.982 (v15-nonessential pool),0,0,0,0,none,none,none,0.0,none[a:no_signal[cx:cx_none|ann:ann_none|traj:no_catalytic_rules] | b:no_signal[cx:cx_none|ann:ann_none|traj:no_catalytic_rules]],20.81320834159851
JCVISYN3A_0530,JCVISYN3A_0623,A2_paralog_loose,ESM-2 cosine 0.985 (v15-nonessential pool),0,0,0,0,none,none,none,0.0,none[a:no_signal[cx:cx_none|ann:ann_none|traj:no_catalytic_rules] | b:no_signal[cx:cx_none|ann:ann_none|traj:no_catalytic_rules]],20.992233753204346
JCVISYN3A_0164,JCVISYN3A_0379,A2_paralog_loose,ESM-2 cosine 0.984 (v15-nonessential pool),0,0,0,0,none,none,none,0.0,none[a:no_signal[cx:cx_none|ann:ann_none|traj:no_catalytic_rules] | b:no_signal[cx:cx_none|ann:ann_none|traj:no_catalytic_rules]],20.69797658920288
JCVISYN3A_0778,JCVISYN3A_0830,A2_paralog_loose,ESM-2 cosine 0.985 (v15-nonessential pool),0,0,0,0,none,none,none,0.0,none[a:no_signal[cx:cx_none|ann:ann_none|traj:no_catalytic_rules] | b:no_signal[cx:cx_none|ann:ann_none|traj:no_catalytic_rules]],20.855012893676758
JCVISYN3A_0538,JCVISYN3A_0778,A2_paralog_loose,ESM-2 cosine 0.981 (v15-nonessential pool),0,0,0,0,none,none,none,0.0,none[a:no_signal[cx:cx_none|ann:ann_none|traj:no_catalytic_rules] | b:no_signal[cx:cx_none|ann:ann_none|traj:no_catalytic_rules]],21.081554651260376
JCVISYN3A_0116,JCVISYN3A_0777,A2_paralog_loose,ESM-2 cosine 0.986 (v15-nonessential pool),0,0,0,0,none,none,none,0.0,none[a:no_signal[cx:cx_none|ann:ann_none|traj:no_catalytic_rules] | b:no_signal[cx:cx_none|ann:ann_none|traj:no_catalytic_rules]],20.81787347793579
JCVISYN3A_0033,JCVISYN3A_0835,A2_paralog_loose,ESM-2 cosine 0.987 (v15-nonessential pool),0,0,0,0,none,none,none,0.0,none[a:no_signal[cx:cx_none|ann:ann_none|traj:no_catalytic_rules] | b:no_signal[cx:cx_none|ann:ann_none|traj:no_catalytic_rules]],20.569518566131592
JCVISYN3A_0235,JCVISYN3A_0379,A2_paralog_loose,ESM-2 cosine 0.987 (v15-nonessential pool),0,0,0,0,none,none,none,0.0,none[a:no_signal[cx:cx_none|ann:ann_none|traj:no_catalytic_rules] | b:no_signal[cx:cx_none|ann:ann_none|traj:no_catalytic_rules]],20.09168815612793
JCVISYN3A_0296,JCVISYN3A_0516,A2_paralog_loose,ESM-2 cosine 0.983 (v15-nonessential pool),0,0,0,0,none,none,none,0.0,none[a:no_signal[cx:cx_none|ann:ann_none|traj:no_catalytic_rules] | b:no_signal[cx:cx_none|ann:ann_none|traj:no_catalytic_rules]],19.845791339874268
JCVISYN3A_0286,JCVISYN3A_0346,A2_paralog_loose,ESM-2 cosine 0.982 (v15-nonessential pool),0,0,0,0,none,none,none,0.0,none[a:no_signal[cx:cx_none|ann:ann_none|traj:no_catalytic_rules] | b:no_signal[cx:cx_none|ann:ann_none|traj:no_catalytic_rules]],19.795478343963623
JCVISYN3A_0164,JCVISYN3A_0248,A2_paralog_loose,ESM-2 cosine 0.987 (v15-nonessential pool),0,0,0,0,none,none,none,0.0,none[a:no_signal[cx:cx_none|ann:ann_none|traj:no_catalytic_rules] | b:no_signal[cx:cx_none|ann:ann_none|traj:no_catalytic_rules]],20.95140838623047
JCVISYN3A_0601,JCVISYN3A_0778,A2_paralog_loose,ESM-2 cosine 0.985 (v15-nonessential pool),0,0,0,0,none,none,none,0.0,none[a:no_signal[cx:cx_none|ann:ann_none|traj:no_catalytic_rules] | b:no_signal[cx:cx_none|ann:ann_none|traj:no_catalytic_rules]],20.399712800979614
JCVISYN3A_0143,JCVISYN3A_0479,A2_paralog_loose,ESM-2 cosine 0.982 (v15-nonessential pool),0,0,0,0,none,none,none,0.0,none[a:no_signal[cx:cx_none|ann:ann_none|traj:no_catalytic_rules] | b:no_signal[cx:cx_none|ann:ann_none|traj:no_catalytic_rules]],19.189729928970337
JCVISYN3A_0388,JCVISYN3A_0827,A2_paralog_loose,ESM-2 cosine 0.985 (v15-nonessential pool),0,0,0,0,none,none,none,0.0,none[a:no_signal[cx:cx_none|ann:ann_none|traj:no_catalytic_rules] | b:no_signal[cx:cx_none|ann:ann_none|traj:no_catalytic_rules]],20.49568510055542
JCVISYN3A_0146,JCVISYN3A_0346,A2_paralog_loose,ESM-2 cosine 0.982 (v15-nonessential pool),0,0,0,0,none,none,none,0.0,none[a:no_signal[cx:cx_none|ann:ann_none|traj:no_catalytic_rules] | b:no_signal[cx:cx_none|ann:ann_none|traj:no_catalytic_rules]],22.20629572868347
JCVISYN3A_0479,JCVISYN3A_0827,A2_paralog_loose,ESM-2 cosine 0.982 (v15-nonessential pool),0,0,0,0,none,none,none,0.0,none[a:no_signal[cx:cx_none|ann:ann_none|traj:no_catalytic_rules] | b:no_signal[cx:cx_none|ann:ann_none|traj:no_catalytic_rules]],20.409209728240967
JCVISYN3A_0033,JCVISYN3A_0479,A2_paralog_loose,ESM-2 cosine 0.982 (v15-nonessential pool),0,0,0,0,none,none,none,0.0,none[a:no_signal[cx:cx_none|ann:ann_none|traj:no_catalytic_rules] | b:no_signal[cx:cx_none|ann:ann_none|traj:no_catalytic_rules]],20.344834089279175
JCVISYN3A_0249,JCVISYN3A_0296,A2_paralog_loose,ESM-2 cosine 0.982 (v15-nonessential pool),0,0,0,0,none,none,none,0.0,none[a:no_signal[cx:cx_none|ann:ann_none|traj:no_catalytic_rules] | b:no_signal[cx:cx_none|ann:ann_none|traj:no_catalytic_rules]],21.258617401123047
JCVISYN3A_0164,JCVISYN3A_0830,A2_paralog_loose,ESM-2 cosine 0.983 (v15-nonessential pool),0,0,0,0,none,none,none,0.0,none[a:no_signal[cx:cx_none|ann:ann_none|traj:no_catalytic_rules] | b:no_signal[cx:cx_none|ann:ann_none|traj:no_catalytic_rules]],20.1872501373291
JCVISYN3A_0305,JCVISYN3A_0381,B2_shared_substrate,shared SBML reactant metabolite (M_h2o_c); v15-nonessential pool,0,0,0,0,none,none,none,0.0,none[a:no_signal[cx:cx_none|ann:ann_none|traj:no_catalytic_rules] | b:no_signal[cx:cx_none|ann:ann_none|traj:no_catalytic_rules]],20.64172339439392
JCVISYN3A_0401,JCVISYN3A_0381,B2_shared_substrate,shared SBML reactant metabolite (M_h2o_c); v15-nonessential pool,0,0,0,0,none,none,none,0.0,none[a:no_signal[cx:cx_none|ann:ann_none|traj:no_catalytic_rules] | b:no_signal[cx:cx_none|ann:ann_none|traj:no_catalytic_rules]],20.154465913772583
JCVISYN3A_0444,JCVISYN3A_0479,B2_shared_substrate,shared SBML reactant metabolite (M_ala4_c); v15-nonessential pool,0,0,0,0,none,none,none,0.0,none[a:no_signal[cx:cx_none|ann:ann_none|traj:no_catalytic_rules] | b:no_signal[cx:cx_none|ann:ann_none|traj:no_catalytic_rules]],20.69684624671936
JCVISYN3A_0381,JCVISYN3A_0479,B2_shared_substrate,shared SBML reactant metabolite (M_h2o_c); v15-nonessential pool,0,0,0,0,none,none,none,0.0,none[a:no_signal[cx:cx_none|ann:ann_none|traj:no_catalytic_rules] | b:no_signal[cx:cx_none|ann:ann_none|traj:no_catalytic_rules]],18.204129457473755
JCVISYN3A_0493,JCVISYN3A_0227,B2_shared_substrate,shared SBML reactant metabolite (M_h2o_c); v15-nonessential pool,0,0,0,0,none,none,none,0.0,"none[a:no_signal[cx:cx_none|ann:ann_none|traj:no_catalytic_rules] | b:no_signal[cx:cx_none|ann:ann_none|traj:wt_under_threshold: catalysis:PDH_acald[wt=4],catalysis:PDH_acald:rev[wt=1]]]",18.509094715118408
JCVISYN3A_0401,JCVISYN3A_0139,B2_shared_substrate,shared SBML reactant metabolite (M_h2o_c); v15-nonessential pool,0,0,0,0,none,none,none,0.0,"none[a:no_signal[cx:cx_none|ann:ann_none|traj:no_catalytic_rules] | b:no_signal[cx:cx_none|ann:ann_none|traj:wt_under_threshold: catalysis:BPNT[wt=10],catalysis:BPNT:rev[wt=1]]]",20.603826761245728
JCVISYN3A_0401,JCVISYN3A_0133,B2_shared_substrate,shared SBML reactant metabolite (M_h2o_c); v15-nonessential pool,0,0,0,0,none,none,none,0.0,none[a:no_signal[cx:cx_none|ann:ann_none|traj:no_catalytic_rules] | b:no_signal[cx:cx_none|ann:ann_none|traj:no_catalytic_rules]],20.438011407852173
JCVISYN3A_0401,JCVISYN3A_0444,B2_shared_substrate,shared SBML reactant metabolite (M_h2o_c); v15-nonessential pool,0,0,0,0,none,none,none,0.0,none[a:no_signal[cx:cx_none|ann:ann_none|traj:no_catalytic_rules] | b:no_signal[cx:cx_none|ann:ann_none|traj:no_catalytic_rules]],21.288272619247437
JCVISYN3A_0305,JCVISYN3A_0133,B2_shared_substrate,shared SBML reactant metabolite (M_ala4_c); v15-nonessential pool,0,0,0,0,none,none,none,0.0,none[a:no_signal[cx:cx_none|ann:ann_none|traj:no_catalytic_rules] | b:no_signal[cx:cx_none|ann:ann_none|traj:no_catalytic_rules]],16.341824531555176
JCVISYN3A_0495,JCVISYN3A_0330,B2_shared_substrate,shared SBML reactant metabolite (M_atp_c); v15-nonessential pool,0,0,0,0,none,none,none,0.0,"none[a:no_signal[cx:cx_none|ann:ann_none|traj:no_catalytic_rules] | b:no_signal[cx:cx_none|ann:ann_none|traj:wt_under_threshold: catalysis:DADNK[wt=12],catalysis:DADNK:rev[wt=0],catalysis:DCYTK[wt=14]]]",18.0085666179657
JCVISYN3A_0227,JCVISYN3A_0479,B2_shared_substrate,shared SBML reactant metabolite (M_h2o_c); v15-nonessential pool,0,0,0,0,none,none,none,0.0,"none[a:no_signal[cx:cx_none|ann:ann_none|traj:wt_under_threshold: catalysis:PDH_acald[wt=4],catalysis:PDH_acald:rev[wt=1]] | b:no_signal[cx:cx_none|ann:ann_none|traj:no_catalytic_rules]]",20.675922632217407
JCVISYN3A_0305,JCVISYN3A_0139,B2_shared_substrate,shared SBML reactant metabolite (M_h2o_c); v15-nonessential pool,0,0,0,0,none,none,none,0.0,"none[a:no_signal[cx:cx_none|ann:ann_none|traj:no_catalytic_rules] | b:no_signal[cx:cx_none|ann:ann_none|traj:wt_under_threshold: catalysis:BPNT[wt=10],catalysis:BPNT:rev[wt=1]]]",19.975043773651123
JCVISYN3A_0330,JCVISYN3A_0227,B2_shared_substrate,shared SBML reactant metabolite (M_atp_c); v15-nonessential pool,0,0,0,0,none,none,none,0.0,"none[a:no_signal[cx:cx_none|ann:ann_none|traj:wt_under_threshold: catalysis:DADNK[wt=12],catalysis:DADNK:rev[wt=0],catalysis:DCYTK[wt=14]] | b:no_signal[cx:cx_none|ann:ann_none|traj:wt_under_threshold: catalysis:PDH_acald[wt=4],catalysis:PDH_acald:rev[wt=1]]]",20.617769479751587
JCVISYN3A_0493,JCVISYN3A_0305,B2_shared_substrate,shared SBML reactant metabolite (M_h2o_c); v15-nonessential pool,0,0,0,0,none,none,none,0.0,none[a:no_signal[cx:cx_none|ann:ann_none|traj:no_catalytic_rules] | b:no_signal[cx:cx_none|ann:ann_none|traj:no_catalytic_rules]],18.06233263015747
JCVISYN3A_0401,JCVISYN3A_0495,B2_shared_substrate,shared SBML reactant metabolite (M_atp_c); v15-nonessential pool,0,0,0,0,none,none,none,0.0,none[a:no_signal[cx:cx_none|ann:ann_none|traj:no_catalytic_rules] | b:no_signal[cx:cx_none|ann:ann_none|traj:no_catalytic_rules]],16.36384081840515
JCVISYN3A_0495,JCVISYN3A_0382,B2_shared_substrate,shared SBML reactant metabolite (M_atp_c); v15-nonessential pool,0,0,0,0,none,none,none,0.0,"none[a:no_signal[cx:cx_none|ann:ann_none|traj:no_catalytic_rules] | b:no_signal[cx:cx_none|ann:ann_none|traj:wt_under_threshold: catalysis:DADNK[wt=12],catalysis:DADNK:rev[wt=0],catalysis:DCYTK[wt=14]]]",20.75798511505127
JCVISYN3A_0726,JCVISYN3A_0227,B2_shared_substrate,shared SBML reactant metabolite (M_h2o_c); v15-nonessential pool,0,0,0,0,none,none,none,0.0,"none[a:no_signal[cx:cx_none|ann:ann_none|traj:no_catalytic_rules] | b:no_signal[cx:cx_none|ann:ann_none|traj:wt_under_threshold: catalysis:PDH_acald[wt=4],catalysis:PDH_acald:rev[wt=1]]]",20.45862603187561
JCVISYN3A_0493,JCVISYN3A_0479,B2_shared_substrate,shared SBML reactant metabolite (M_h2o_c); v15-nonessential pool,0,0,0,0,none,none,none,0.0,none[a:no_signal[cx:cx_none|ann:ann_none|traj:no_catalytic_rules] | b:no_signal[cx:cx_none|ann:ann_none|traj:no_catalytic_rules]],20.479267358779907
JCVISYN3A_0401,JCVISYN3A_0330,B2_shared_substrate,shared SBML reactant metabolite (M_atp_c); v15-nonessential pool,0,0,0,0,none,none,none,0.0,"none[a:no_signal[cx:cx_none|ann:ann_none|traj:no_catalytic_rules] | b:no_signal[cx:cx_none|ann:ann_none|traj:wt_under_threshold: catalysis:DADNK[wt=12],catalysis:DADNK:rev[wt=0],catalysis:DCYTK[wt=14]]]",20.467626333236694
JCVISYN3A_0133,JCVISYN3A_0444,B2_shared_substrate,shared SBML reactant metabolite (M_ala4_c); v15-nonessential pool,0,0,0,0,none,none,none,0.0,none[a:no_signal[cx:cx_none|ann:ann_none|traj:no_catalytic_rules] | b:no_signal[cx:cx_none|ann:ann_none|traj:no_catalytic_rules]],22.180928945541382
JCVISYN3A_0878,JCVISYN3A_0876,B2_shared_substrate,shared SBML reactant metabolite (M_ala__L_e); v15-nonessential pool,0,0,1,1,none,none,catalysis_silenced,1.0,"a:traj_only[silenced: catalysis:ALAt2r[wt=128],catalysis:ARGt2r[wt=95],catalysis:ASNt2r[wt=136] (+15 more)] | b:traj_only[silenced: catalysis:ALAt2r[wt=128],catalysis:ARGt2r[wt=95],catalysis:ASNt2r[wt=136] (+15 more)]",19.9812912940979
JCVISYN3A_0305,JCVISYN3A_0227,B2_shared_substrate,shared SBML reactant metabolite (M_h2o_c); v15-nonessential pool,0,0,0,0,none,none,none,0.0,"none[a:no_signal[cx:cx_none|ann:ann_none|traj:no_catalytic_rules] | b:no_signal[cx:cx_none|ann:ann_none|traj:wt_under_threshold: catalysis:PDH_acald[wt=4],catalysis:PDH_acald:rev[wt=1]]]",20.488056421279907
JCVISYN3A_0305,JCVISYN3A_0479,B2_shared_substrate,shared SBML reactant metabolite (M_ala4_c); v15-nonessential pool,0,0,0,0,none,none,none,0.0,none[a:no_signal[cx:cx_none|ann:ann_none|traj:no_catalytic_rules] | b:no_signal[cx:cx_none|ann:ann_none|traj:no_catalytic_rules]],20.546380519866943
JCVISYN3A_0133,JCVISYN3A_0381,B2_shared_substrate,shared SBML reactant metabolite (M_h2o_c); v15-nonessential pool,0,0,0,0,none,none,none,0.0,none[a:no_signal[cx:cx_none|ann:ann_none|traj:no_catalytic_rules] | b:no_signal[cx:cx_none|ann:ann_none|traj:no_catalytic_rules]],20.043677806854248
JCVISYN3A_0493,JCVISYN3A_0139,B2_shared_substrate,shared SBML reactant metabolite (M_h2o_c); v15-nonessential pool,0,0,0,0,none,none,none,0.0,"none[a:no_signal[cx:cx_none|ann:ann_none|traj:no_catalytic_rules] | b:no_signal[cx:cx_none|ann:ann_none|traj:wt_under_threshold: catalysis:BPNT[wt=10],catalysis:BPNT:rev[wt=1]]]",24.908666372299194
JCVISYN3A_0493,JCVISYN3A_0444,B2_shared_substrate,shared SBML reactant metabolite (M_h2o_c); v15-nonessential pool,0,0,0,0,none,none,none,0.0,none[a:no_signal[cx:cx_none|ann:ann_none|traj:no_catalytic_rules] | b:no_signal[cx:cx_none|ann:ann_none|traj:no_catalytic_rules]],20.489888668060303
JCVISYN3A_0305,JCVISYN3A_0444,B2_shared_substrate,shared SBML reactant metabolite (M_ala4_c); v15-nonessential pool,0,0,0,0,none,none,none,0.0,none[a:no_signal[cx:cx_none|ann:ann_none|traj:no_catalytic_rules] | b:no_signal[cx:cx_none|ann:ann_none|traj:no_catalytic_rules]],20.44210648536682
JCVISYN3A_0139,JCVISYN3A_0381,B2_shared_substrate,shared SBML reactant metabolite (M_h2o_c); v15-nonessential pool,0,0,0,0,none,none,none,0.0,"none[a:no_signal[cx:cx_none|ann:ann_none|traj:wt_under_threshold: catalysis:BPNT[wt=10],catalysis:BPNT:rev[wt=1]] | b:no_signal[cx:cx_none|ann:ann_none|traj:no_catalytic_rules]]",20.24754309654236
JCVISYN3A_0401,JCVISYN3A_0479,B2_shared_substrate,shared SBML reactant metabolite (M_h2o_c); v15-nonessential pool,0,0,0,0,none,none,none,0.0,none[a:no_signal[cx:cx_none|ann:ann_none|traj:no_catalytic_rules] | b:no_signal[cx:cx_none|ann:ann_none|traj:no_catalytic_rules]],25.379305839538574
JCVISYN3A_0139,JCVISYN3A_0227,B2_shared_substrate,shared SBML reactant metabolite (M_h2o_c); v15-nonessential pool,0,0,0,0,none,none,none,0.0,"none[a:no_signal[cx:cx_none|ann:ann_none|traj:wt_under_threshold: catalysis:BPNT[wt=10],catalysis:BPNT:rev[wt=1]] | b:no_signal[cx:cx_none|ann:ann_none|traj:wt_under_threshold: catalysis:PDH_acald[wt=4],catalysis:PDH_acald:rev[wt=1]]]",20.730895280838013
JCVISYN3A_0726,JCVISYN3A_0444,B2_shared_substrate,shared SBML reactant metabolite (M_h2o_c); v15-nonessential pool,0,0,0,0,none,none,none,0.0,none[a:no_signal[cx:cx_none|ann:ann_none|traj:no_catalytic_rules] | b:no_signal[cx:cx_none|ann:ann_none|traj:no_catalytic_rules]],19.75196671485901
JCVISYN3A_0493,JCVISYN3A_0726,B2_shared_substrate,shared SBML reactant metabolite (M_h2o_c); v15-nonessential pool,0,0,0,0,none,none,none,0.0,none[a:no_signal[cx:cx_none|ann:ann_none|traj:no_catalytic_rules] | b:no_signal[cx:cx_none|ann:ann_none|traj:no_catalytic_rules]],20.86334729194641
JCVISYN3A_0401,JCVISYN3A_0227,B2_shared_substrate,shared SBML reactant metabolite (M_atp_c); v15-nonessential pool,0,0,0,0,none,none,none,0.0,"none[a:no_signal[cx:cx_none|ann:ann_none|traj:no_catalytic_rules] | b:no_signal[cx:cx_none|ann:ann_none|traj:wt_under_threshold: catalysis:PDH_acald[wt=4],catalysis:PDH_acald:rev[wt=1]]]",20.470069885253906
JCVISYN3A_0305,JCVISYN3A_0726,B2_shared_substrate,shared SBML reactant metabolite (M_h2o_c); v15-nonessential pool,0,0,0,0,none,none,none,0.0,none[a:no_signal[cx:cx_none|ann:ann_none|traj:no_catalytic_rules] | b:no_signal[cx:cx_none|ann:ann_none|traj:no_catalytic_rules]],25.049433708190918
JCVISYN3A_0495,JCVISYN3A_0227,B2_shared_substrate,shared SBML reactant metabolite (M_atp_c); v15-nonessential pool,0,0,0,0,none,none,none,0.0,"none[a:no_signal[cx:cx_none|ann:ann_none|traj:no_catalytic_rules] | b:no_signal[cx:cx_none|ann:ann_none|traj:wt_under_threshold: catalysis:PDH_acald[wt=4],catalysis:PDH_acald:rev[wt=1]]]",20.039859771728516
JCVISYN3A_0726,JCVISYN3A_0139,B2_shared_substrate,shared SBML reactant metabolite (M_h2o_c); v15-nonessential pool,0,0,0,0,none,none,none,0.0,"none[a:no_signal[cx:cx_none|ann:ann_none|traj:no_catalytic_rules] | b:no_signal[cx:cx_none|ann:ann_none|traj:wt_under_threshold: catalysis:BPNT[wt=10],catalysis:BPNT:rev[wt=1]]]",20.475990056991577
JCVISYN3A_0382,JCVISYN3A_0227,B2_shared_substrate,shared SBML reactant metabolite (M_atp_c); v15-nonessential pool,0,0,0,0,none,none,none,0.0,"none[a:no_signal[cx:cx_none|ann:ann_none|traj:wt_under_threshold: catalysis:DADNK[wt=12],catalysis:DADNK:rev[wt=0],catalysis:DCYTK[wt=14]] | b:no_signal[cx:cx_none|ann:ann_none|traj:wt_under_threshold: catalysis:PDH_acald[wt=4],catalysis:PDH_acald:rev[wt=1]]]",20.01174020767212
JCVISYN3A_0133,JCVISYN3A_0726,B2_shared_substrate,shared SBML reactant metabolite (M_h2o_c); v15-nonessential pool,0,0,0,0,none,none,none,0.0,none[a:no_signal[cx:cx_none|ann:ann_none|traj:no_catalytic_rules] | b:no_signal[cx:cx_none|ann:ann_none|traj:no_catalytic_rules]],20.29498529434204
JCVISYN3A_0726,JCVISYN3A_0381,B2_shared_substrate,shared SBML reactant metabolite (M_h2o_c); v15-nonessential pool,0,0,0,0,none,none,none,0.0,none[a:no_signal[cx:cx_none|ann:ann_none|traj:no_catalytic_rules] | b:no_signal[cx:cx_none|ann:ann_none|traj:no_catalytic_rules]],24.17806077003479
JCVISYN3A_0133,JCVISYN3A_0479,B2_shared_substrate,shared SBML reactant metabolite (M_ala4_c); v15-nonessential pool,0,0,0,0,none,none,none,0.0,none[a:no_signal[cx:cx_none|ann:ann_none|traj:no_catalytic_rules] | b:no_signal[cx:cx_none|ann:ann_none|traj:no_catalytic_rules]],20.403128147125244
JCVISYN3A_0493,JCVISYN3A_0401,B2_shared_substrate,shared SBML reactant metabolite (M_h2o_c); v15-nonessential pool,0,0,0,0,none,none,none,0.0,none[a:no_signal[cx:cx_none|ann:ann_none|traj:no_catalytic_rules] | b:no_signal[cx:cx_none|ann:ann_none|traj:no_catalytic_rules]],20.782633304595947
JCVISYN3A_0444,JCVISYN3A_0381,B2_shared_substrate,shared SBML reactant metabolite (M_h2o_c); v15-nonessential pool,0,0,0,0,none,none,none,0.0,none[a:no_signal[cx:cx_none|ann:ann_none|traj:no_catalytic_rules] | b:no_signal[cx:cx_none|ann:ann_none|traj:no_catalytic_rules]],20.394845724105835
JCVISYN3A_0133,JCVISYN3A_0227,B2_shared_substrate,shared SBML reactant metabolite (M_h2o_c); v15-nonessential pool,0,0,0,0,none,none,none,0.0,"none[a:no_signal[cx:cx_none|ann:ann_none|traj:no_catalytic_rules] | b:no_signal[cx:cx_none|ann:ann_none|traj:wt_under_threshold: catalysis:PDH_acald[wt=4],catalysis:PDH_acald:rev[wt=1]]]",25.190693378448486
JCVISYN3A_0726,JCVISYN3A_0479,B2_shared_substrate,shared SBML reactant metabolite (M_h2o_c); v15-nonessential pool,0,0,0,0,none,none,none,0.0,none[a:no_signal[cx:cx_none|ann:ann_none|traj:no_catalytic_rules] | b:no_signal[cx:cx_none|ann:ann_none|traj:no_catalytic_rules]],20.648332118988037
JCVISYN3A_0493,JCVISYN3A_0381,B2_shared_substrate,shared SBML reactant metabolite (M_h2o_c); v15-nonessential pool,0,0,0,0,none,none,none,0.0,none[a:no_signal[cx:cx_none|ann:ann_none|traj:no_catalytic_rules] | b:no_signal[cx:cx_none|ann:ann_none|traj:no_catalytic_rules]],20.648220777511597
JCVISYN3A_0381,JCVISYN3A_0227,B2_shared_substrate,shared SBML reactant metabolite (M_h2o_c); v15-nonessential pool,0,0,0,0,none,none,none,0.0,"none[a:no_signal[cx:cx_none|ann:ann_none|traj:no_catalytic_rules] | b:no_signal[cx:cx_none|ann:ann_none|traj:wt_under_threshold: catalysis:PDH_acald[wt=4],catalysis:PDH_acald:rev[wt=1]]]",20.722481727600098
JCVISYN3A_0401,JCVISYN3A_0382,B2_shared_substrate,shared SBML reactant metabolite (M_atp_c); v15-nonessential pool,0,0,0,0,none,none,none,0.0,"none[a:no_signal[cx:cx_none|ann:ann_none|traj:no_catalytic_rules] | b:no_signal[cx:cx_none|ann:ann_none|traj:wt_under_threshold: catalysis:DADNK[wt=12],catalysis:DADNK:rev[wt=0],catalysis:DCYTK[wt=14]]]",19.669286012649536
JCVISYN3A_0444,JCVISYN3A_0139,B2_shared_substrate,shared SBML reactant metabolite (M_h2o_c); v15-nonessential pool,0,0,0,0,none,none,none,0.0,"none[a:no_signal[cx:cx_none|ann:ann_none|traj:no_catalytic_rules] | b:no_signal[cx:cx_none|ann:ann_none|traj:wt_under_threshold: catalysis:BPNT[wt=10],catalysis:BPNT:rev[wt=1]]]",25.10558581352234
JCVISYN3A_0133,JCVISYN3A_0139,B2_shared_substrate,shared SBML reactant metabolite (M_h2o_c); v15-nonessential pool,0,0,0,0,none,none,none,0.0,"none[a:no_signal[cx:cx_none|ann:ann_none|traj:no_catalytic_rules] | b:no_signal[cx:cx_none|ann:ann_none|traj:wt_under_threshold: catalysis:BPNT[wt=10],catalysis:BPNT:rev[wt=1]]]",21.344178915023804
JCVISYN3A_0305,JCVISYN3A_0401,B2_shared_substrate,shared SBML reactant metabolite (M_h2o_c); v15-nonessential pool,0,0,0,0,none,none,none,0.0,none[a:no_signal[cx:cx_none|ann:ann_none|traj:no_catalytic_rules] | b:no_signal[cx:cx_none|ann:ann_none|traj:no_catalytic_rules]],20.90104603767395
JCVISYN3A_0139,JCVISYN3A_0479,B2_shared_substrate,shared SBML reactant metabolite (M_h2o_c); v15-nonessential pool,0,0,0,0,none,none,none,0.0,"none[a:no_signal[cx:cx_none|ann:ann_none|traj:wt_under_threshold: catalysis:BPNT[wt=10],catalysis:BPNT:rev[wt=1]] | b:no_signal[cx:cx_none|ann:ann_none|traj:no_catalytic_rules]]",20.474354028701782
JCVISYN3A_0444,JCVISYN3A_0227,B2_shared_substrate,shared SBML reactant metabolite (M_h2o_c); v15-nonessential pool,0,0,0,0,none,none,none,0.0,"none[a:no_signal[cx:cx_none|ann:ann_none|traj:no_catalytic_rules] | b:no_signal[cx:cx_none|ann:ann_none|traj:wt_under_threshold: catalysis:PDH_acald[wt=4],catalysis:PDH_acald:rev[wt=1]]]",24.63509464263916
JCVISYN3A_0401,JCVISYN3A_0726,B2_shared_substrate,shared SBML reactant metabolite (M_h2o_c); v15-nonessential pool,0,0,0,0,none,none,none,0.0,none[a:no_signal[cx:cx_none|ann:ann_none|traj:no_catalytic_rules] | b:no_signal[cx:cx_none|ann:ann_none|traj:no_catalytic_rules]],20.367701053619385
JCVISYN3A_0493,JCVISYN3A_0133,B2_shared_substrate,shared SBML reactant metabolite (M_h2o_c); v15-nonessential pool,0,0,0,0,none,none,none,0.0,none[a:no_signal[cx:cx_none|ann:ann_none|traj:no_catalytic_rules] | b:no_signal[cx:cx_none|ann:ann_none|traj:no_catalytic_rules]],20.511878490447998
JCVISYN3A_0305,JCVISYN3A_0878,C2_shared_product,shared SBML product metabolite (M_ala__L_c); v15-nonessential pool,0,0,0,0,none,none,none,0.0,"none[a:no_signal[cx:cx_none|ann:ann_none|traj:no_catalytic_rules] | b:no_signal[cx:cx_none|ann:ann_none|traj:partial_silence: catalysis:ALAt2r[wt=128,ko=54],catalysis:ARGt2r[wt=95,ko=38],catalysis:ASNt2r[wt=136,ko=78]]]",19.556537866592407
JCVISYN3A_0435,JCVISYN3A_0726,C2_shared_product,shared SBML product metabolite (M_f6p_c); v15-nonessential pool,0,0,0,0,none,none,none,0.0,none[a:no_signal[cx:cx_none|ann:ann_none|traj:no_catalytic_rules] | b:no_signal[cx:cx_none|ann:ann_none|traj:no_catalytic_rules]],20.797033309936523
JCVISYN3A_0726,JCVISYN3A_0330,C2_shared_product,shared SBML product metabolite (M_h_c); v15-nonessential pool,0,0,0,0,none,none,none,0.0,"none[a:no_signal[cx:cx_none|ann:ann_none|traj:no_catalytic_rules] | b:no_signal[cx:cx_none|ann:ann_none|traj:wt_under_threshold: catalysis:DADNK[wt=12],catalysis:DADNK:rev[wt=0],catalysis:DCYTK[wt=14]]]",24.91107702255249
JCVISYN3A_0878,JCVISYN3A_0479,C2_shared_product,shared SBML product metabolite (M_ala__L_c); v15-nonessential pool,0,0,0,0,none,none,none,0.0,"none[a:no_signal[cx:cx_none|ann:ann_none|traj:partial_silence: catalysis:ALAt2r[wt=128,ko=57],catalysis:ARGt2r[wt=95,ko=47],catalysis:ASNt2r[wt=136,ko=70]] | b:no_signal[cx:cx_none|ann:ann_none|traj:no_catalytic_rules]]",20.875244617462158
JCVISYN3A_0697,JCVISYN3A_0878,C2_shared_product,shared SBML product metabolite (M_h_c); v15-nonessential pool,0,0,0,0,none,none,none,0.0,"none[a:no_signal[cx:cx_none|ann:ann_none|traj:wt_under_threshold: catalysis:DAGGALT[wt=4]] | b:no_signal[cx:cx_none|ann:ann_none|traj:partial_silence: catalysis:ALAt2r[wt=128,ko=56],catalysis:ARGt2r[wt=95,ko=42],catalysis:ASNt2r[wt=136,ko=65]]]",20.131958723068237
JCVISYN3A_0878,JCVISYN3A_0330,C2_shared_product,shared SBML product metabolite (M_h_c); v15-nonessential pool,0,0,0,0,none,none,none,0.0,"none[a:no_signal[cx:cx_none|ann:ann_none|traj:partial_silence: catalysis:ALAt2r[wt=128,ko=66],catalysis:ARGt2r[wt=95,ko=35],catalysis:ASNt2r[wt=136,ko=77]] | b:no_signal[cx:cx_none|ann:ann_none|traj:wt_under_threshold: catalysis:DADNK[wt=12],catalysis:DADNK:rev[wt=0],catalysis:DCYTK[wt=14]]]",20.642466068267822
JCVISYN3A_0305,JCVISYN3A_0876,C2_shared_product,shared SBML product metabolite (M_ala__L_c); v15-nonessential pool,0,0,0,0,none,none,none,0.0,"none[a:no_signal[cx:cx_none|ann:ann_none|traj:no_catalytic_rules] | b:no_signal[cx:cx_none|ann:ann_none|traj:partial_silence: catalysis:ALAt2r[wt=128,ko=67],catalysis:ARGt2r[wt=95,ko=36],catalysis:ASNt2r[wt=136,ko=74]]]",20.993971347808838
JCVISYN3A_0697,JCVISYN3A_0330,C2_shared_product,shared SBML product metabolite (M_h_c); v15-nonessential pool,0,0,0,0,none,none,none,0.0,"none[a:no_signal[cx:cx_none|ann:ann_none|traj:wt_under_threshold: catalysis:DAGGALT[wt=4]] | b:no_signal[cx:cx_none|ann:ann_none|traj:wt_under_threshold: catalysis:DADNK[wt=12],catalysis:DADNK:rev[wt=0],catalysis:DCYTK[wt=14]]]",24.919158458709717
JCVISYN3A_0479,JCVISYN3A_0876,C2_shared_product,shared SBML product metabolite (M_ala__L_c); v15-nonessential pool,0,0,0,0,none,none,none,0.0,"none[a:no_signal[cx:cx_none|ann:ann_none|traj:no_catalytic_rules] | b:no_signal[cx:cx_none|ann:ann_none|traj:partial_silence: catalysis:ALAt2r[wt=128,ko=62],catalysis:ARGt2r[wt=95,ko=44],catalysis:ASNt2r[wt=136,ko=69]]]",20.33037543296814
JCVISYN3A_0228,JCVISYN3A_0876,C2_shared_product,shared SBML product metabolite (M_h_c); v15-nonessential pool,0,0,0,0,none,none,none,0.0,"none[a:no_signal[cx:cx_none|ann:ann_none|traj:no_catalytic_rules] | b:no_signal[cx:cx_none|ann:ann_none|traj:partial_silence: catalysis:ALAt2r[wt=128,ko=69],catalysis:ARGt2r[wt=95,ko=38],catalysis:ASNt2r[wt=136,ko=69]]]",20.53672504425049
JCVISYN3A_0495,JCVISYN3A_0876,C2_shared_product,shared SBML product metabolite (M_h_c); v15-nonessential pool,0,0,0,0,none,none,none,0.0,"none[a:no_signal[cx:cx_none|ann:ann_none|traj:no_catalytic_rules] | b:no_signal[cx:cx_none|ann:ann_none|traj:partial_silence: catalysis:ALAt2r[wt=128,ko=66],catalysis:ARGt2r[wt=95,ko=46],catalysis:ASNt2r[wt=136,ko=59]]]",20.35051989555359
JCVISYN3A_0401,JCVISYN3A_0878,C2_shared_product,shared SBML product metabolite (M_h_c); v15-nonessential pool,0,0,0,0,none,none,none,0.0,"none[a:no_signal[cx:cx_none|ann:ann_none|traj:no_catalytic_rules] | b:no_signal[cx:cx_none|ann:ann_none|traj:partial_silence: catalysis:ALAt2r[wt=128,ko=68],catalysis:ARGt2r[wt=95,ko=35],catalysis:ASNt2r[wt=136,ko=65]]]",20.57184648513794
JCVISYN3A_0697,JCVISYN3A_0382,C2_shared_product,shared SBML product metabolite (M_h_c); v15-nonessential pool,0,0,0,0,none,none,none,0.0,"none[a:no_signal[cx:cx_none|ann:ann_none|traj:wt_under_threshold: catalysis:DAGGALT[wt=4]] | b:no_signal[cx:cx_none|ann:ann_none|traj:wt_under_threshold: catalysis:DADNK[wt=12],catalysis:DADNK:rev[wt=0],catalysis:DCYTK[wt=14]]]",24.93012547492981
JCVISYN3A_0878,JCVISYN3A_0444,C2_shared_product,shared SBML product metabolite (M_ala__L_c); v15-nonessential pool,0,0,0,0,none,none,none,0.0,"none[a:no_signal[cx:cx_none|ann:ann_none|traj:partial_silence: catalysis:ALAt2r[wt=128,ko=56],catalysis:ARGt2r[wt=95,ko=44],catalysis:ASNt2r[wt=136,ko=84]] | b:no_signal[cx:cx_none|ann:ann_none|traj:no_catalytic_rules]]",20.40135931968689
JCVISYN3A_0697,JCVISYN3A_0227,C2_shared_product,shared SBML product metabolite (M_h_c); v15-nonessential pool,0,0,0,0,none,none,none,0.0,"none[a:no_signal[cx:cx_none|ann:ann_none|traj:wt_under_threshold: catalysis:DAGGALT[wt=4]] | b:no_signal[cx:cx_none|ann:ann_none|traj:wt_under_threshold: catalysis:PDH_acald[wt=4],catalysis:PDH_acald:rev[wt=1]]]",20.17922329902649
JCVISYN3A_0878,JCVISYN3A_0495,C2_shared_product,shared SBML product metabolite (M_h_c); v15-nonessential pool,0,0,0,0,none,none,none,0.0,"none[a:no_signal[cx:cx_none|ann:ann_none|traj:partial_silence: catalysis:ALAt2r[wt=128,ko=51],catalysis:ARGt2r[wt=95,ko=37],catalysis:ASNt2r[wt=136,ko=69]] | b:no_signal[cx:cx_none|ann:ann_none|traj:no_catalytic_rules]]",20.785819053649902
JCVISYN3A_0228,JCVISYN3A_0495,C2_shared_product,shared SBML product metabolite (M_h_c); v15-nonessential pool,0,0,0,0,none,none,none,0.0,none[a:no_signal[cx:cx_none|ann:ann_none|traj:no_catalytic_rules] | b:no_signal[cx:cx_none|ann:ann_none|traj:no_catalytic_rules]],25.09090566635132
JCVISYN3A_0697,JCVISYN3A_0876,C2_shared_product,shared SBML product metabolite (M_h_c); v15-nonessential pool,0,0,0,0,none,none,none,0.0,"none[a:no_signal[cx:cx_none|ann:ann_none|traj:wt_under_threshold: catalysis:DAGGALT[wt=4]] | b:no_signal[cx:cx_none|ann:ann_none|traj:partial_silence: catalysis:ALAt2r[wt=128,ko=63],catalysis:ARGt2r[wt=95,ko=54],catalysis:ASNt2r[wt=136,ko=70]]]",19.438265085220337
JCVISYN3A_0401,JCVISYN3A_0228,C2_shared_product,shared SBML product metabolite (M_h_c); v15-nonessential pool,0,0,0,0,none,none,none,0.0,none[a:no_signal[cx:cx_none|ann:ann_none|traj:no_catalytic_rules] | b:no_signal[cx:cx_none|ann:ann_none|traj:no_catalytic_rules]],22.032708644866943
JCVISYN3A_0697,JCVISYN3A_0495,C2_shared_product,shared SBML product metabolite (M_h_c); v15-nonessential pool,0,0,0,0,none,none,none,0.0,none[a:no_signal[cx:cx_none|ann:ann_none|traj:wt_under_threshold: catalysis:DAGGALT[wt=4]] | b:no_signal[cx:cx_none|ann:ann_none|traj:no_catalytic_rules]],20.121927976608276
JCVISYN3A_0228,JCVISYN3A_0382,C2_shared_product,shared SBML product metabolite (M_h_c); v15-nonessential pool,0,0,0,0,none,none,none,0.0,"none[a:no_signal[cx:cx_none|ann:ann_none|traj:no_catalytic_rules] | b:no_signal[cx:cx_none|ann:ann_none|traj:wt_under_threshold: catalysis:DADNK[wt=12],catalysis:DADNK:rev[wt=0],catalysis:DCYTK[wt=14]]]",20.933934450149536
JCVISYN3A_0878,JCVISYN3A_0228,C2_shared_product,shared SBML product metabolite (M_h_c); v15-nonessential pool,0,0,0,0,none,none,none,0.0,"none[a:no_signal[cx:cx_none|ann:ann_none|traj:partial_silence: catalysis:ALAt2r[wt=128,ko=65],catalysis:ARGt2r[wt=95,ko=36],catalysis:ASNt2r[wt=136,ko=88]] | b:no_signal[cx:cx_none|ann:ann_none|traj:no_catalytic_rules]]",25.335397720336914
JCVISYN3A_0726,JCVISYN3A_0495,C2_shared_product,shared SBML product metabolite (M_h_c); v15-nonessential pool,0,0,0,0,none,none,none,0.0,none[a:no_signal[cx:cx_none|ann:ann_none|traj:no_catalytic_rules] | b:no_signal[cx:cx_none|ann:ann_none|traj:no_catalytic_rules]],20.547013521194458
JCVISYN3A_0726,JCVISYN3A_0876,C2_shared_product,shared SBML product metabolite (M_h_c); v15-nonessential pool,0,0,0,0,none,none,none,0.0,"none[a:no_signal[cx:cx_none|ann:ann_none|traj:no_catalytic_rules] | b:no_signal[cx:cx_none|ann:ann_none|traj:partial_silence: catalysis:ALAt2r[wt=128,ko=61],catalysis:ARGt2r[wt=95,ko=29],catalysis:ASNt2r[wt=136,ko=67]]]",19.530381679534912
JCVISYN3A_0444,JCVISYN3A_0876,C2_shared_product,shared SBML product metabolite (M_ala__L_c); v15-nonessential pool,0,0,0,0,none,none,none,0.0,"none[a:no_signal[cx:cx_none|ann:ann_none|traj:no_catalytic_rules] | b:no_signal[cx:cx_none|ann:ann_none|traj:partial_silence: catalysis:ALAt2r[wt=128,ko=70],catalysis:ARGt2r[wt=95,ko=40],catalysis:ASNt2r[wt=136,ko=79]]]",20.63888669013977
JCVISYN3A_0382,JCVISYN3A_0876,C2_shared_product,shared SBML product metabolite (M_h_c); v15-nonessential pool,0,0,0,0,none,none,none,0.0,"none[a:no_signal[cx:cx_none|ann:ann_none|traj:wt_under_threshold: catalysis:DADNK[wt=12],catalysis:DADNK:rev[wt=0],catalysis:DCYTK[wt=14]] | b:no_signal[cx:cx_none|ann:ann_none|traj:partial_silence: catalysis:ALAt2r[wt=128,ko=74],catalysis:ARGt2r[wt=95,ko=43],catalysis:ASNt2r[wt=136,ko=81]]]",24.18956184387207
JCVISYN3A_0228,JCVISYN3A_0330,C2_shared_product,shared SBML product metabolite (M_h_c); v15-nonessential pool,0,0,0,0,none,none,none,0.0,"none[a:no_signal[cx:cx_none|ann:ann_none|traj:no_catalytic_rules] | b:no_signal[cx:cx_none|ann:ann_none|traj:wt_under_threshold: catalysis:DADNK[wt=12],catalysis:DADNK:rev[wt=0],catalysis:DCYTK[wt=14]]]",20.275872945785522
JCVISYN3A_0697,JCVISYN3A_0726,C2_shared_product,shared SBML product metabolite (M_h_c); v15-nonessential pool,0,0,0,0,none,none,none,0.0,none[a:no_signal[cx:cx_none|ann:ann_none|traj:wt_under_threshold: catalysis:DAGGALT[wt=4]] | b:no_signal[cx:cx_none|ann:ann_none|traj:no_catalytic_rules]],20.13775396347046
JCVISYN3A_0878,JCVISYN3A_0227,C2_shared_product,shared SBML product metabolite (M_h_c); v15-nonessential pool,0,0,0,0,none,none,none,0.0,"none[a:no_signal[cx:cx_none|ann:ann_none|traj:partial_silence: catalysis:ALAt2r[wt=128,ko=60],catalysis:ARGt2r[wt=95,ko=38],catalysis:ASNt2r[wt=136,ko=77]] | b:no_signal[cx:cx_none|ann:ann_none|traj:wt_under_threshold: catalysis:PDH_acald[wt=4],catalysis:PDH_acald:rev[wt=1]]]",20.772779941558838
JCVISYN3A_0133,JCVISYN3A_0878,C2_shared_product,shared SBML product metabolite (M_ala__L_c); v15-nonessential pool,0,0,0,0,none,none,none,0.0,"none[a:no_signal[cx:cx_none|ann:ann_none|traj:no_catalytic_rules] | b:no_signal[cx:cx_none|ann:ann_none|traj:partial_silence: catalysis:ALAt2r[wt=128,ko=59],catalysis:ARGt2r[wt=95,ko=37],catalysis:ASNt2r[wt=136,ko=55]]]",20.158125400543213
JCVISYN3A_0164,JCVISYN3A_0400,D2_random_baseline,"negative control: no shared SBML metabolite, ESM-2 cosine < 0.88",0,0,0,0,none,none,none,0.0,none[a:no_signal[cx:cx_none|ann:ann_none|traj:no_catalytic_rules] | b:no_signal[cx:cx_none|ann:ann_none|traj:no_catalytic_rules]],19.918907403945923
JCVISYN3A_0228,JCVISYN3A_0726,C2_shared_product,shared SBML product metabolite (M_h_c); v15-nonessential pool,0,0,0,0,none,none,none,0.0,none[a:no_signal[cx:cx_none|ann:ann_none|traj:no_catalytic_rules] | b:no_signal[cx:cx_none|ann:ann_none|traj:no_catalytic_rules]],24.69557213783264
JCVISYN3A_0424,JCVISYN3A_0431,D2_random_baseline,"negative control: no shared SBML metabolite, ESM-2 cosine < 0.88",0,0,0,0,none,none,none,0.0,none[a:no_signal[cx:cx_none|ann:ann_none|traj:no_catalytic_rules] | b:no_signal[cx:cx_none|ann:ann_none|traj:no_catalytic_rules]],20.61557126045227
JCVISYN3A_0381,JCVISYN3A_0853,D2_random_baseline,"negative control: no shared SBML metabolite, ESM-2 cosine < 0.88",0,0,0,0,none,none,none,0.0,none[a:no_signal[cx:cx_none|ann:ann_none|traj:no_catalytic_rules] | b:no_signal[cx:cx_none|ann:ann_none|traj:no_catalytic_rules]],20.806548595428467
JCVISYN3A_0080,JCVISYN3A_0623,D2_random_baseline,"negative control: no shared SBML metabolite, ESM-2 cosine < 0.88",0,0,0,0,none,none,none,0.0,none[a:no_signal[cx:cx_none|ann:ann_none|traj:no_catalytic_rules] | b:no_signal[cx:cx_none|ann:ann_none|traj:no_catalytic_rules]],20.533313035964966
JCVISYN3A_0777,JCVISYN3A_0887,D2_random_baseline,"negative control: no shared SBML metabolite, ESM-2 cosine < 0.88",0,0,0,0,none,none,none,0.0,none[a:no_signal[cx:cx_none|ann:ann_none|traj:no_catalytic_rules] | b:no_signal[cx:cx_none|ann:ann_none|traj:no_catalytic_rules]],25.19933533668518
JCVISYN3A_0399,JCVISYN3A_0887,D2_random_baseline,"negative control: no shared SBML metabolite, ESM-2 cosine < 0.88",0,0,0,0,none,none,none,0.0,none[a:no_signal[cx:cx_none|ann:ann_none|traj:no_catalytic_rules] | b:no_signal[cx:cx_none|ann:ann_none|traj:no_catalytic_rules]],20.26150369644165
JCVISYN3A_0004,JCVISYN3A_0143,D2_random_baseline,"negative control: no shared SBML metabolite, ESM-2 cosine < 0.88",0,0,0,0,none,none,none,0.0,none[a:no_signal[cx:cx_none|ann:ann_none|traj:no_catalytic_rules] | b:no_signal[cx:cx_none|ann:ann_none|traj:no_catalytic_rules]],20.742432355880737
JCVISYN3A_0835,JCVISYN3A_0887,D2_random_baseline,"negative control: no shared SBML metabolite, ESM-2 cosine < 0.88",0,0,0,0,none,none,none,0.0,none[a:no_signal[cx:cx_none|ann:ann_none|traj:no_catalytic_rules] | b:no_signal[cx:cx_none|ann:ann_none|traj:no_catalytic_rules]],20.355830907821655
JCVISYN3A_0350,JCVISYN3A_0696,D2_random_baseline,"negative control: no shared SBML metabolite, ESM-2 cosine < 0.88",0,0,0,0,none,none,none,0.0,none[a:no_signal[cx:cx_none|ann:ann_none|traj:no_catalytic_rules] | b:no_signal[cx:cx_none|ann:ann_none|traj:no_catalytic_rules]],24.906514644622803
JCVISYN3A_0043,JCVISYN3A_0623,D2_random_baseline,"negative control: no shared SBML metabolite, ESM-2 cosine < 0.88",0,0,0,0,none,none,none,0.0,none[a:no_signal[cx:cx_none|ann:ann_none|traj:no_catalytic_rules] | b:no_signal[cx:cx_none|ann:ann_none|traj:no_catalytic_rules]],20.922590732574463
JCVISYN3A_0046,JCVISYN3A_0853,D2_random_baseline,"negative control: no shared SBML metabolite, ESM-2 cosine < 0.88",0,0,0,0,none,none,none,0.0,none[a:no_signal[cx:cx_none|ann:ann_none|traj:no_catalytic_rules] | b:no_signal[cx:cx_none|ann:ann_none|traj:no_catalytic_rules]],19.88242197036743
JCVISYN3A_0853,JCVISYN3A_0931,D2_random_baseline,"negative control: no shared SBML metabolite, ESM-2 cosine < 0.88",0,0,0,0,none,none,none,0.0,none[a:no_signal[cx:cx_none|ann:ann_none|traj:no_catalytic_rules] | b:no_signal[cx:cx_none|ann:ann_none|traj:no_catalytic_rules]],21.07170534133911
JCVISYN3A_0495,JCVISYN3A_0853,D2_random_baseline,"negative control: no shared SBML metabolite, ESM-2 cosine < 0.88",0,0,0,0,none,none,none,0.0,none[a:no_signal[cx:cx_none|ann:ann_none|traj:no_catalytic_rules] | b:no_signal[cx:cx_none|ann:ann_none|traj:no_catalytic_rules]],20.538448810577393
JCVISYN3A_0601,JCVISYN3A_0918,D2_random_baseline,"negative control: no shared SBML metabolite, ESM-2 cosine < 0.88",0,0,0,0,none,none,none,0.0,none[a:no_signal[cx:cx_none|ann:ann_none|traj:no_catalytic_rules] | b:no_signal[cx:cx_none|ann:ann_none|traj:no_catalytic_rules]],25.591946601867676
JCVISYN3A_0029,JCVISYN3A_0346,D2_random_baseline,"negative control: no shared SBML metabolite, ESM-2 cosine < 0.88",0,0,0,0,none,none,none,0.0,none[a:no_signal[cx:cx_none|ann:ann_none|traj:no_catalytic_rules] | b:no_signal[cx:cx_none|ann:ann_none|traj:no_catalytic_rules]],20.13649034500122
JCVISYN3A_0248,JCVISYN3A_0887,D2_random_baseline,"negative control: no shared SBML metabolite, ESM-2 cosine < 0.88",0,0,0,0,none,none,none,0.0,none[a:no_signal[cx:cx_none|ann:ann_none|traj:no_catalytic_rules] | b:no_signal[cx:cx_none|ann:ann_none|traj:no_catalytic_rules]],20.996512174606323
JCVISYN3A_0033,JCVISYN3A_0350,D2_random_baseline,"negative control: no shared SBML metabolite, ESM-2 cosine < 0.88",0,0,0,0,none,none,none,0.0,none[a:no_signal[cx:cx_none|ann:ann_none|traj:no_catalytic_rules] | b:no_signal[cx:cx_none|ann:ann_none|traj:no_catalytic_rules]],20.534759759902954
JCVISYN3A_0286,JCVISYN3A_0874,D2_random_baseline,"negative control: no shared SBML metabolite, ESM-2 cosine < 0.88",0,0,0,0,none,none,none,0.0,none[a:no_signal[cx:cx_none|ann:ann_none|traj:no_catalytic_rules] | b:no_signal[cx:cx_none|ann:ann_none|traj:no_catalytic_rules]],20.463746547698975
JCVISYN3A_0623,JCVISYN3A_0913,D2_random_baseline,"negative control: no shared SBML metabolite, ESM-2 cosine < 0.88",0,0,0,0,none,none,none,0.0,none[a:no_signal[cx:cx_none|ann:ann_none|traj:no_catalytic_rules] | b:no_signal[cx:cx_none|ann:ann_none|traj:no_catalytic_rules]],20.485163688659668
JCVISYN3A_0063,JCVISYN3A_0622,D2_random_baseline,"negative control: no shared SBML metabolite, ESM-2 cosine < 0.88",0,0,0,0,none,none,none,0.0,none[a:no_signal[cx:cx_none|ann:ann_none|traj:no_catalytic_rules] | b:no_signal[cx:cx_none|ann:ann_none|traj:no_catalytic_rules]],25.60184407234192
JCVISYN3A_0034,JCVISYN3A_0887,D2_random_baseline,"negative control: no shared SBML metabolite, ESM-2 cosine < 0.88",0,0,0,0,none,none,none,0.0,none[a:no_signal[cx:cx_none|ann:ann_none|traj:no_catalytic_rules] | b:no_signal[cx:cx_none|ann:ann_none|traj:no_catalytic_rules]],20.635997772216797
JCVISYN3A_0054,JCVISYN3A_0440,D2_random_baseline,"negative control: no shared SBML metabolite, ESM-2 cosine < 0.88",0,0,0,0,none,none,none,0.0,none[a:no_signal[cx:cx_none|ann:ann_none|traj:no_catalytic_rules] | b:no_signal[cx:cx_none|ann:ann_none|traj:no_catalytic_rules]],20.049745321273804
JCVISYN3A_0143,JCVISYN3A_0361,D2_random_baseline,"negative control: no shared SBML metabolite, ESM-2 cosine < 0.88",0,0,0,0,none,none,none,0.0,none[a:no_signal[cx:cx_none|ann:ann_none|traj:no_catalytic_rules] | b:no_signal[cx:cx_none|ann:ann_none|traj:no_catalytic_rules]],20.5312602519989
JCVISYN3A_0063,JCVISYN3A_0479,D2_random_baseline,"negative control: no shared SBML metabolite, ESM-2 cosine < 0.88",0,0,0,0,none,none,none,0.0,none[a:no_signal[cx:cx_none|ann:ann_none|traj:no_catalytic_rules] | b:no_signal[cx:cx_none|ann:ann_none|traj:no_catalytic_rules]],25.619906663894653
JCVISYN3A_0263,JCVISYN3A_0777,D2_random_baseline,"negative control: no shared SBML metabolite, ESM-2 cosine < 0.88",0,0,0,0,none,none,none,0.0,none[a:no_signal[cx:cx_none|ann:ann_none|traj:no_catalytic_rules] | b:no_signal[cx:cx_none|ann:ann_none|traj:no_catalytic_rules]],21.327316522598267
JCVISYN3A_0696,JCVISYN3A_0918,D2_random_baseline,"negative control: no shared SBML metabolite, ESM-2 cosine < 0.88",0,0,0,0,none,none,none,0.0,none[a:no_signal[cx:cx_none|ann:ann_none|traj:no_catalytic_rules] | b:no_signal[cx:cx_none|ann:ann_none|traj:no_catalytic_rules]],20.679010152816772
JCVISYN3A_0494,JCVISYN3A_0505,D2_random_baseline,"negative control: no shared SBML metabolite, ESM-2 cosine < 0.88",0,0,0,0,none,none,none,0.0,none[a:no_signal[cx:cx_none|ann:ann_none|traj:no_catalytic_rules] | b:no_signal[cx:cx_none|ann:ann_none|traj:no_catalytic_rules]],21.345511198043823
JCVISYN3A_0399,JCVISYN3A_0400,D2_random_baseline,"negative control: no shared SBML metabolite, ESM-2 cosine < 0.88",0,0,0,0,none,none,none,0.0,none[a:no_signal[cx:cx_none|ann:ann_none|traj:no_catalytic_rules] | b:no_signal[cx:cx_none|ann:ann_none|traj:no_catalytic_rules]],25.311733961105347
JCVISYN3A_0143,JCVISYN3A_0298,D2_random_baseline,"negative control: no shared SBML metabolite, ESM-2 cosine < 0.88",0,0,0,0,none,none,none,0.0,none[a:no_signal[cx:cx_none|ann:ann_none|traj:no_catalytic_rules] | b:no_signal[cx:cx_none|ann:ann_none|traj:no_catalytic_rules]],20.441839933395386
JCVISYN3A_0623,JCVISYN3A_0931,D2_random_baseline,"negative control: no shared SBML metabolite, ESM-2 cosine < 0.88",0,0,0,0,none,none,none,0.0,none[a:no_signal[cx:cx_none|ann:ann_none|traj:no_catalytic_rules] | b:no_signal[cx:cx_none|ann:ann_none|traj:no_catalytic_rules]],20.547181367874146
JCVISYN3A_0286,JCVISYN3A_0872,D2_random_baseline,"negative control: no shared SBML metabolite, ESM-2 cosine < 0.88",0,0,0,0,none,none,none,0.0,none[a:no_signal[cx:cx_none|ann:ann_none|traj:no_catalytic_rules] | b:no_signal[cx:cx_none|ann:ann_none|traj:no_catalytic_rules]],19.92218565940857
JCVISYN3A_0435,JCVISYN3A_0601,D2_random_baseline,"negative control: no shared SBML metabolite, ESM-2 cosine < 0.88",0,0,0,0,none,none,none,0.0,none[a:no_signal[cx:cx_none|ann:ann_none|traj:no_catalytic_rules] | b:no_signal[cx:cx_none|ann:ann_none|traj:no_catalytic_rules]],25.03341555595398
JCVISYN3A_0439,JCVISYN3A_0493,D2_random_baseline,"negative control: no shared SBML metabolite, ESM-2 cosine < 0.88",0,0,0,0,none,none,none,0.0,none[a:no_signal[cx:cx_none|ann:ann_none|traj:no_catalytic_rules] | b:no_signal[cx:cx_none|ann:ann_none|traj:no_catalytic_rules]],19.69222903251648
JCVISYN3A_0346,JCVISYN3A_0400,D2_random_baseline,"negative control: no shared SBML metabolite, ESM-2 cosine < 0.88",0,0,0,0,none,none,none,0.0,none[a:no_signal[cx:cx_none|ann:ann_none|traj:no_catalytic_rules] | b:no_signal[cx:cx_none|ann:ann_none|traj:no_catalytic_rules]],20.114431381225586
JCVISYN3A_0593,JCVISYN3A_0821,D2_random_baseline,"negative control: no shared SBML metabolite, ESM-2 cosine < 0.88",0,0,0,0,none,none,none,0.0,none[a:no_signal[cx:cx_none|ann:ann_none|traj:no_catalytic_rules] | b:no_signal[cx:cx_none|ann:ann_none|traj:no_catalytic_rules]],20.47447943687439
JCVISYN3A_0605,JCVISYN3A_0874,D2_random_baseline,"negative control: no shared SBML metabolite, ESM-2 cosine < 0.88",0,0,0,0,none,none,none,0.0,none[a:no_signal[cx:cx_none|ann:ann_none|traj:no_catalytic_rules] | b:no_signal[cx:cx_none|ann:ann_none|traj:no_catalytic_rules]],20.734501123428345
JCVISYN3A_0296,JCVISYN3A_0732,D2_random_baseline,"negative control: no shared SBML metabolite, ESM-2 cosine < 0.88",0,0,0,0,none,none,none,0.0,none[a:no_signal[cx:cx_none|ann:ann_none|traj:no_catalytic_rules] | b:no_signal[cx:cx_none|ann:ann_none|traj:no_catalytic_rules]],23.026517391204834
JCVISYN3A_0440,JCVISYN3A_0495,D2_random_baseline,"negative control: no shared SBML metabolite, ESM-2 cosine < 0.88",0,0,0,0,none,none,none,0.0,none[a:no_signal[cx:cx_none|ann:ann_none|traj:no_catalytic_rules] | b:no_signal[cx:cx_none|ann:ann_none|traj:no_catalytic_rules]],21.296815156936646
JCVISYN3A_0227,JCVISYN3A_0593,D2_random_baseline,"negative control: no shared SBML metabolite, ESM-2 cosine < 0.88",0,0,0,0,none,none,none,0.0,"none[a:no_signal[cx:cx_none|ann:ann_none|traj:wt_under_threshold: catalysis:PDH_acald[wt=4],catalysis:PDH_acald:rev[wt=1]] | b:no_signal[cx:cx_none|ann:ann_none|traj:no_catalytic_rules]]",20.817503929138184
JCVISYN3A_0154,JCVISYN3A_0853,D2_random_baseline,"negative control: no shared SBML metabolite, ESM-2 cosine < 0.88",0,0,0,0,none,none,none,0.0,none[a:no_signal[cx:cx_none|ann:ann_none|traj:no_catalytic_rules] | b:no_signal[cx:cx_none|ann:ann_none|traj:no_catalytic_rules]],20.770947456359863
JCVISYN3A_0228,JCVISYN3A_0505,D2_random_baseline,"negative control: no shared SBML metabolite, ESM-2 cosine < 0.88",0,0,0,0,none,none,none,0.0,none[a:no_signal[cx:cx_none|ann:ann_none|traj:no_catalytic_rules] | b:no_signal[cx:cx_none|ann:ann_none|traj:no_catalytic_rules]],20.709044933319092
JCVISYN3A_0281,JCVISYN3A_0838,D2_random_baseline,"negative control: no shared SBML metabolite, ESM-2 cosine < 0.88",0,0,0,0,none,none,none,0.0,none[a:no_signal[cx:cx_none|ann:ann_none|traj:no_catalytic_rules] | b:no_signal[cx:cx_none|ann:ann_none|traj:no_catalytic_rules]],19.31977391242981
JCVISYN3A_0732,JCVISYN3A_0852,D2_random_baseline,"negative control: no shared SBML metabolite, ESM-2 cosine < 0.88",0,0,0,0,none,none,none,0.0,none[a:no_signal[cx:cx_none|ann:ann_none|traj:no_catalytic_rules] | b:no_signal[cx:cx_none|ann:ann_none|traj:no_catalytic_rules]],25.20165181159973
JCVISYN3A_0732,JCVISYN3A_0777,D2_random_baseline,"negative control: no shared SBML metabolite, ESM-2 cosine < 0.88",0,0,0,0,none,none,none,0.0,none[a:no_signal[cx:cx_none|ann:ann_none|traj:no_catalytic_rules] | b:no_signal[cx:cx_none|ann:ann_none|traj:no_catalytic_rules]],20.281760692596436
JCVISYN3A_0033,JCVISYN3A_0887,D2_random_baseline,"negative control: no shared SBML metabolite, ESM-2 cosine < 0.88",0,0,0,0,none,none,none,0.0,none[a:no_signal[cx:cx_none|ann:ann_none|traj:no_catalytic_rules] | b:no_signal[cx:cx_none|ann:ann_none|traj:no_catalytic_rules]],19.484765768051147
JCVISYN3A_0435,JCVISYN3A_0440,D2_random_baseline,"negative control: no shared SBML metabolite, ESM-2 cosine < 0.88",0,0,0,0,none,none,none,0.0,none[a:no_signal[cx:cx_none|ann:ann_none|traj:no_catalytic_rules] | b:no_signal[cx:cx_none|ann:ann_none|traj:no_catalytic_rules]],20.906266450881958
JCVISYN3A_0215,JCVISYN3A_0346,D2_random_baseline,"negative control: no shared SBML metabolite, ESM-2 cosine < 0.88",0,0,0,0,none,none,none,0.0,none[a:no_signal[cx:cx_none|ann:ann_none|traj:no_catalytic_rules] | b:no_signal[cx:cx_none|ann:ann_none|traj:no_catalytic_rules]],24.99456548690796
JCVISYN3A_0605,JCVISYN3A_0726,D2_random_baseline,"negative control: no shared SBML metabolite, ESM-2 cosine < 0.88",0,0,0,0,none,none,none,0.0,none[a:no_signal[cx:cx_none|ann:ann_none|traj:no_catalytic_rules] | b:no_signal[cx:cx_none|ann:ann_none|traj:no_catalytic_rules]],20.915558338165283
JCVISYN3A_0004,JCVISYN3A_0439,D2_random_baseline,"negative control: no shared SBML metabolite, ESM-2 cosine < 0.88",0,0,0,0,none,none,none,0.0,none[a:no_signal[cx:cx_none|ann:ann_none|traj:no_catalytic_rules] | b:no_signal[cx:cx_none|ann:ann_none|traj:no_catalytic_rules]],20.204349756240845
JCVISYN3A_0350,JCVISYN3A_0398,D2_random_baseline,"negative control: no shared SBML metabolite, ESM-2 cosine < 0.88",0,0,0,0,none,none,none,0.0,none[a:no_signal[cx:cx_none|ann:ann_none|traj:no_catalytic_rules] | b:no_signal[cx:cx_none|ann:ann_none|traj:no_catalytic_rules]],20.140317678451538
JCVISYN3A_0063,JCVISYN3A_0503,D2_random_baseline,"negative control: no shared SBML metabolite, ESM-2 cosine < 0.88",0,0,0,0,none,none,none,0.0,none[a:no_signal[cx:cx_none|ann:ann_none|traj:no_catalytic_rules] | b:no_signal[cx:cx_none|ann:ann_none|traj:no_catalytic_rules]],25.571022510528564
JCVISYN3A_0373,JCVISYN3A_0433,D2_random_baseline,"negative control: no shared SBML metabolite, ESM-2 cosine < 0.88",0,0,0,0,none,none,none,0.0,none[a:no_signal[cx:cx_none|ann:ann_none|traj:no_catalytic_rules] | b:no_signal[cx:cx_none|ann:ann_none|traj:no_catalytic_rules]],20.45142388343811
JCVISYN3A_0063,JCVISYN3A_0379,D2_random_baseline,"negative control: no shared SBML metabolite, ESM-2 cosine < 0.88",0,0,0,0,none,none,none,0.0,none[a:no_signal[cx:cx_none|ann:ann_none|traj:no_catalytic_rules] | b:no_signal[cx:cx_none|ann:ann_none|traj:no_catalytic_rules]],20.2858247756958
JCVISYN3A_0326,JCVISYN3A_0692,D2_random_baseline,"negative control: no shared SBML metabolite, ESM-2 cosine < 0.88",0,0,0,0,none,none,none,0.0,none[a:no_signal[cx:cx_none|ann:ann_none|traj:no_catalytic_rules] | b:no_signal[cx:cx_none|ann:ann_none|traj:no_catalytic_rules]],20.126190662384033
JCVISYN3A_0440,JCVISYN3A_0692,D2_random_baseline,"negative control: no shared SBML metabolite, ESM-2 cosine < 0.88",0,0,0,0,none,none,none,0.0,none[a:no_signal[cx:cx_none|ann:ann_none|traj:no_catalytic_rules] | b:no_signal[cx:cx_none|ann:ann_none|traj:no_catalytic_rules]],21.069047689437866
JCVISYN3A_0376,JCVISYN3A_0493,D2_random_baseline,"negative control: no shared SBML metabolite, ESM-2 cosine < 0.88",0,0,0,0,none,none,none,0.0,none[a:no_signal[cx:cx_none|ann:ann_none|traj:no_catalytic_rules] | b:no_signal[cx:cx_none|ann:ann_none|traj:no_catalytic_rules]],26.311800956726074
JCVISYN3A_0777,JCVISYN3A_0874,D2_random_baseline,"negative control: no shared SBML metabolite, ESM-2 cosine < 0.88",0,0,0,0,none,none,none,0.0,none[a:no_signal[cx:cx_none|ann:ann_none|traj:no_catalytic_rules] | b:no_signal[cx:cx_none|ann:ann_none|traj:no_catalytic_rules]],19.5260910987854
JCVISYN3A_0029,JCVISYN3A_0623,D2_random_baseline,"negative control: no shared SBML metabolite, ESM-2 cosine < 0.88",0,0,0,0,none,none,none,0.0,none[a:no_signal[cx:cx_none|ann:ann_none|traj:no_catalytic_rules] | b:no_signal[cx:cx_none|ann:ann_none|traj:no_catalytic_rules]],21.11417007446289
JCVISYN3A_0332,JCVISYN3A_0400,D2_random_baseline,"negative control: no shared SBML metabolite, ESM-2 cosine < 0.88",0,0,0,0,none,none,none,0.0,none[a:no_signal[cx:cx_none|ann:ann_none|traj:no_catalytic_rules] | b:no_signal[cx:cx_none|ann:ann_none|traj:no_catalytic_rules]],19.69291377067566
JCVISYN3A_0004,JCVISYN3A_0777,D2_random_baseline,"negative control: no shared SBML metabolite, ESM-2 cosine < 0.88",0,0,0,0,none,none,none,0.0,none[a:no_signal[cx:cx_none|ann:ann_none|traj:no_catalytic_rules] | b:no_signal[cx:cx_none|ann:ann_none|traj:no_catalytic_rules]],21.12930130958557
JCVISYN3A_0248,JCVISYN3A_0726,D2_random_baseline,"negative control: no shared SBML metabolite, ESM-2 cosine < 0.88",0,0,0,0,none,none,none,0.0,none[a:no_signal[cx:cx_none|ann:ann_none|traj:no_catalytic_rules] | b:no_signal[cx:cx_none|ann:ann_none|traj:no_catalytic_rules]],20.509238243103027
JCVISYN3A_0305,JCVISYN3A_0332,D2_random_baseline,"negative control: no shared SBML metabolite, ESM-2 cosine < 0.88",0,0,0,0,none,none,none,0.0,none[a:no_signal[cx:cx_none|ann:ann_none|traj:no_catalytic_rules] | b:no_signal[cx:cx_none|ann:ann_none|traj:no_catalytic_rules]],24.77622890472412
JCVISYN3A_0296,JCVISYN3A_0350,D2_random_baseline,"negative control: no shared SBML metabolite, ESM-2 cosine < 0.88",0,0,0,0,none,none,none,0.0,none[a:no_signal[cx:cx_none|ann:ann_none|traj:no_catalytic_rules] | b:no_signal[cx:cx_none|ann:ann_none|traj:no_catalytic_rules]],20.029491186141968
JCVISYN3A_0033,JCVISYN3A_0692,D2_random_baseline,"negative control: no shared SBML metabolite, ESM-2 cosine < 0.88",0,0,0,0,none,none,none,0.0,none[a:no_signal[cx:cx_none|ann:ann_none|traj:no_catalytic_rules] | b:no_signal[cx:cx_none|ann:ann_none|traj:no_catalytic_rules]],20.24339199066162
JCVISYN3A_0388,JCVISYN3A_0726,D2_random_baseline,"negative control: no shared SBML metabolite, ESM-2 cosine < 0.88",0,0,0,0,none,none,none,0.0,none[a:no_signal[cx:cx_none|ann:ann_none|traj:no_catalytic_rules] | b:no_signal[cx:cx_none|ann:ann_none|traj:no_catalytic_rules]],20.400367259979248
JCVISYN3A_0029,JCVISYN3A_0286,D2_random_baseline,"negative control: no shared SBML metabolite, ESM-2 cosine < 0.88",0,0,0,0,none,none,none,0.0,none[a:no_signal[cx:cx_none|ann:ann_none|traj:no_catalytic_rules] | b:no_signal[cx:cx_none|ann:ann_none|traj:no_catalytic_rules]],25.161914587020874
JCVISYN3A_0143,JCVISYN3A_0874,D2_random_baseline,"negative control: no shared SBML metabolite, ESM-2 cosine < 0.88",0,0,0,0,none,none,none,0.0,none[a:no_signal[cx:cx_none|ann:ann_none|traj:no_catalytic_rules] | b:no_signal[cx:cx_none|ann:ann_none|traj:no_catalytic_rules]],20.635019540786743
JCVISYN3A_0434,JCVISYN3A_0439,D2_random_baseline,"negative control: no shared SBML metabolite, ESM-2 cosine < 0.88",0,0,0,0,none,none,none,0.0,none[a:no_signal[cx:cx_none|ann:ann_none|traj:no_catalytic_rules] | b:no_signal[cx:cx_none|ann:ann_none|traj:no_catalytic_rules]],20.93324899673462
JCVISYN3A_0080,JCVISYN3A_0732,D2_random_baseline,"negative control: no shared SBML metabolite, ESM-2 cosine < 0.88",0,0,0,0,none,none,none,0.0,none[a:no_signal[cx:cx_none|ann:ann_none|traj:no_catalytic_rules] | b:no_signal[cx:cx_none|ann:ann_none|traj:no_catalytic_rules]],21.632169723510742
JCVISYN3A_0511,JCVISYN3A_0838,D2_random_baseline,"negative control: no shared SBML metabolite, ESM-2 cosine < 0.88",0,0,0,0,none,none,none,0.0,none[a:no_signal[cx:cx_none|ann:ann_none|traj:no_catalytic_rules] | b:no_signal[cx:cx_none|ann:ann_none|traj:no_catalytic_rules]],25.580989360809326
JCVISYN3A_0326,JCVISYN3A_0913,D2_random_baseline,"negative control: no shared SBML metabolite, ESM-2 cosine < 0.88",0,0,0,0,none,none,none,0.0,none[a:no_signal[cx:cx_none|ann:ann_none|traj:no_catalytic_rules] | b:no_signal[cx:cx_none|ann:ann_none|traj:no_catalytic_rules]],19.637985706329346
JCVISYN3A_0605,JCVISYN3A_0838,D2_random_baseline,"negative control: no shared SBML metabolite, ESM-2 cosine < 0.88",0,0,0,0,none,none,none,0.0,none[a:no_signal[cx:cx_none|ann:ann_none|traj:no_catalytic_rules] | b:no_signal[cx:cx_none|ann:ann_none|traj:no_catalytic_rules]],20.010393142700195
JCVISYN3A_0593,JCVISYN3A_0872,D2_random_baseline,"negative control: no shared SBML metabolite, ESM-2 cosine < 0.88",0,0,0,0,none,none,none,0.0,none[a:no_signal[cx:cx_none|ann:ann_none|traj:no_catalytic_rules] | b:no_signal[cx:cx_none|ann:ann_none|traj:no_catalytic_rules]],19.874648809432983
JCVISYN3A_0329,JCVISYN3A_0346,D2_random_baseline,"negative control: no shared SBML metabolite, ESM-2 cosine < 0.88",0,0,0,0,none,none,none,0.0,none[a:no_signal[cx:cx_none|ann:ann_none|traj:no_catalytic_rules] | b:no_signal[cx:cx_none|ann:ann_none|traj:no_catalytic_rules]],19.864694833755493
JCVISYN3A_0525,JCVISYN3A_0593,D2_random_baseline,"negative control: no shared SBML metabolite, ESM-2 cosine < 0.88",0,0,0,0,none,none,none,0.0,none[a:no_signal[cx:cx_none|ann:ann_none|traj:no_catalytic_rules] | b:no_signal[cx:cx_none|ann:ann_none|traj:no_catalytic_rules]],25.220887899398804
JCVISYN3A_0376,JCVISYN3A_0732,D2_random_baseline,"negative control: no shared SBML metabolite, ESM-2 cosine < 0.88",0,0,0,0,none,none,none,0.0,none[a:no_signal[cx:cx_none|ann:ann_none|traj:no_catalytic_rules] | b:no_signal[cx:cx_none|ann:ann_none|traj:no_catalytic_rules]],20.192766904830933
JCVISYN3A_0409,JCVISYN3A_0439,D2_random_baseline,"negative control: no shared SBML metabolite, ESM-2 cosine < 0.88",0,0,0,0,none,none,none,0.0,none[a:no_signal[cx:cx_none|ann:ann_none|traj:no_catalytic_rules] | b:no_signal[cx:cx_none|ann:ann_none|traj:no_catalytic_rules]],20.696390867233276
JCVISYN3A_0697,JCVISYN3A_0732,D2_random_baseline,"negative control: no shared SBML metabolite, ESM-2 cosine < 0.88",0,0,0,0,none,none,none,0.0,none[a:no_signal[cx:cx_none|ann:ann_none|traj:wt_under_threshold: catalysis:DAGGALT[wt=4]] | b:no_signal[cx:cx_none|ann:ann_none|traj:no_catalytic_rules]],20.34490966796875
JCVISYN3A_0054,JCVISYN3A_0146,D2_random_baseline,"negative control: no shared SBML metabolite, ESM-2 cosine < 0.88",0,0,0,0,none,none,none,0.0,none[a:no_signal[cx:cx_none|ann:ann_none|traj:no_catalytic_rules] | b:no_signal[cx:cx_none|ann:ann_none|traj:no_catalytic_rules]],20.710188150405884
JCVISYN3A_0326,JCVISYN3A_0525,D2_random_baseline,"negative control: no shared SBML metabolite, ESM-2 cosine < 0.88",0,0,0,0,none,none,none,0.0,none[a:no_signal[cx:cx_none|ann:ann_none|traj:no_catalytic_rules] | b:no_signal[cx:cx_none|ann:ann_none|traj:no_catalytic_rules]],20.120569467544556
