locus_tag,gene_name,feature_type,start_1based,end,strand,length_bp,product,protein_id
JCVISYN3A_0001,dnaA,CDS,1,1353,+,1353,Chromosomal replication initiator protein,AVX54569.1
JCVISYN3A_0002,dnaN,CDS,1511,2638,+,1128,DNA polymerase III subunit beta,AVX54570.1
JCVISYN3A_0003,rnmV,CDS,2675,3217,+,543,Ribonuclease M5,AVX54571.1
JCVISYN3A_0004,ksgA,CDS,3207,4007,+,801,16S rRNA (adenine(1518)-N(6)/adenine(1519)-N(6))- dimethyltransferase,AVX54572.1
JCVISYN3A_0005,,CDS,4064,5155,+,1092,Uncharacterized protein,AVX54573.1
JCVISYN3A_0006,gyrB,CDS,5515,7419,+,1905,DNA gyrase subunit B,AVX54574.1
JCVISYN3A_0007,gyrA,CDS,7435,9939,+,2505,DNA gyrase subunit A,AVX54575.1
JCVISYN3A_0008,rnsD; uptD,CDS,9991,10968,-,978,Nucleoside ABC transporter permease,AVX54576.1
JCVISYN3A_0009,rnsC; uptD,CDS,10968,13535,-,2568,Nucleoside ABC transporter permease,AVX54577.1
JCVISYN3A_0010,rnsA; uptA,CDS,13525,15141,-,1617,Nucleoside ABC transporter ATP-binding protein,AVX54578.1
JCVISYN3A_0011,rnsB; uptB,CDS,15153,16799,-,1647,Nucleoside ABC transporter substrate-binding protein,AVX54579.1
JCVISYN3A_0012,metRS,CDS,16986,18515,-,1530,Methionine--tRNA ligase,AVX54580.1
JCVISYN3A_0918,,CDS,18716,19378,-,663,Imidazoleglycerol-phosphate dehydratase,AVX54581.1
JCVISYN3A_0913,tetM,CDS,20416,22335,+,1920,Tetracycline resistance ribosomal protection protein,AVX54582.1
JCVISYN3A_0025,rpsR,CDS,22769,22996,-,228,30S ribosomal protein S18,AVX54583.1
JCVISYN3A_0026,priB,CDS,23016,23456,-,441,Single-stranded DNA-binding protein,AVX54584.1
JCVISYN3A_0027,rpsF,CDS,23468,23881,-,414,30S ribosomal protein S6,AVX54585.1
JCVISYN3A_0029,,CDS,24273,24872,+,600,Uncharacterized FMN-dependent NADH-azoreductase,AVX54586.1
JCVISYN3A_0030,,CDS,24909,25943,-,1035,Uncharacterized ABC transporter ATP-binding protein,AVX54587.1
JCVISYN3A_0033,,CDS,26204,29362,-,3159,Uncharacterized protein,AVX54588.1
JCVISYN3A_0034,,CDS,29509,34896,+,5388,Uncharacterized efflux ABC transporter permease,AVX54589.1
JCVISYN3A_0039,ftsH,CDS,35062,37008,-,1947,Membrane anchored AAA+ protease,AVX54590.1
JCVISYN3A_0040,tilS,CDS,37240,38445,-,1206,tRNA lysidine(34) synthetase,AVX54591.1
JCVISYN3A_0042,,CDS,38448,39275,-,828,Uncharacterized transcriptional regulator,AVX54592.1
JCVISYN3A_0043,yabD,CDS,39327,40049,-,723,Uncharacterized methyltransferase,AVX54593.1
JCVISYN3A_0044,holA,CDS,40049,40789,-,741,DNA polymerase III subunit delta,AVX54594.1
JCVISYN3A_0045,tmk,CDS,40767,41408,-,642,dTMP kinase,AVX54595.1
JCVISYN3A_0046,recR,CDS,41411,42001,-,591,Recombination protein,AVX54596.1
JCVISYN3A_0047,dnaX,CDS,42003,44009,-,2007,DNA polymerase III subunit gamma and tau,AVX54597.1
JCVISYN3A_0049,ffs,ncRNA,44178,44273,-,96,Signal recognition particle sRNA small type,
JCVISYN3A_0051,,CDS,44397,45011,-,615,,
JCVISYN3A_0054,ahpC,CDS,45293,45742,-,450,Uncharacterized peroxiredoxin,AVX54598.1
JCVISYN3A_0060,,CDS,46274,47098,+,825,Uncharacterized protein,AVX54599.1
JCVISYN3A_0061,serRS,CDS,47181,48449,+,1269,Serine--tRNA ligase,AVX54600.1
JCVISYN3A_0063,dusB,CDS,48559,49533,+,975,Uncharacterized tRNA dihydrouridine synthase,AVX54601.1
JCVISYN3A_0064,lysRS,CDS,49536,51038,+,1503,Lysine--tRNA ligase,AVX54602.1
JCVISYN3A_0065,trxA,CDS,51128,51436,-,309,Thioredoxin,AVX54603.1
JCVISYN3A_0066,,CDS,51447,52289,-,843,Low specificity hydrolase,AVX54604.1
JCVISYN3A_0067,rrfA,rRNA,52410,52518,-,109,5S ribosomal RNA,
JCVISYN3A_0068,rrlA,rRNA,52580,55493,-,2914,23S ribosomal RNA,
JCVISYN3A_0069,rrsA,rRNA,55713,57247,-,1535,16S ribosomal RNA,
JCVISYN3A_0070,tRNA-Leu,tRNA,57525,57608,-,84,tRNA-Leu,
JCVISYN3A_0071,tRNA-Lys,tRNA,57611,57686,-,76,tRNA-Lys,
JCVISYN3A_0076,asnRS,CDS,58156,59520,-,1365,Asparagine--tRNA ligase,AVX54605.1
JCVISYN3A_0077,,CDS,59529,60368,-,840,Uncharacterized hydrolase,AVX54606.1
JCVISYN3A_0079,tsaD,CDS,60404,61360,-,957,tRNA (adenosine(37)-N6)-threonylcarbamoyltransferase complex transferase subunit D,AVX54607.1
JCVISYN3A_0080,,CDS,61455,61676,-,222,Uncharacterized protein,AVX54608.1
JCVISYN3A_0081,mnmE; trmE,CDS,61876,63234,+,1359,tRNA uridine(34) 5-carboxymethylaminomethyl synthesis GTPase,AVX54609.1
JCVISYN3A_0082,rpsT,CDS,63285,63530,-,246,30S ribosomal protein S20,AVX54610.1
JCVISYN3A_0094,,CDS,63664,64380,-,717,Uncharacterized protein,AVX54611.1
JCVISYN3A_0095,secA,CDS,64495,67329,-,2835,Preprotein translocase subunit A,AVX54612.1
JCVISYN3A_0097,yycJ,CDS,67494,68405,+,912,Uncharacterized 5'-3' exonuclease,AVX54613.1
JCVISYN3A_0105,xseB,CDS,68809,69024,-,216,Exodeoxyribonuclease VII small subunit,AVX54614.1
JCVISYN3A_0106,xseA,CDS,69014,70423,-,1410,Exodeoxyribonuclease VII large subunit,AVX54615.1
JCVISYN3A_0107,nusB,CDS,70425,70823,-,399,Transcription antitermination factor,AVX54616.1
JCVISYN3A_0108,,CDS,70835,71947,-,1113,Uncharacterized lipoprotein,AVX54617.1
JCVISYN3A_0109,,CDS,71973,72842,-,870,Deoxyribonuclease IV,AVX54618.1
JCVISYN3A_0113,bcsA,CDS,73088,74437,+,1350,Glycolipid synthase A,AVX54619.1
JCVISYN3A_0114,bcsB; cps,CDS,74511,75431,-,921,Glycolipid synthase B,AVX54620.1
JCVISYN3A_0115,galU; gtaB,CDS,75879,76751,-,873,UTP--glucose-1-phosphate uridylyltransferase,AVX54621.1
JCVISYN3A_0116,,CDS,76936,77376,-,441,Uncharacterized protein,AVX54622.1
JCVISYN3A_0117,plsY,CDS,77446,78207,+,762,Acyl-phosphate glycerol 3-phosphate acyltransferase,AVX54623.1
JCVISYN3A_0126,gluRS,CDS,78403,79854,+,1452,Glutamate--tRNA ligase,AVX54624.1
JCVISYN3A_0127,,CDS,79857,81071,+,1215,Uncharacterized phosphohydrolase,AVX54625.1
JCVISYN3A_0128,rpoE,CDS,81097,81525,+,429,DNA-directed RNA polymerase subunit delta,AVX54626.1
JCVISYN3A_0129,pyrG,CDS,81617,83215,+,1599,CTP synthase,AVX54627.1
JCVISYN3A_0131,fbaA,CDS,83504,84397,+,894,"Fructose-1,6-bisphosphate aldolase",AVX54628.1
JCVISYN3A_0132,ietA,CDS,84546,85607,+,1062,Toxin-antitoxin AAA ATPase,AVX54629.1
JCVISYN3A_0133,ietS,CDS,85600,87873,+,2274,Toxin-antitoxin serine protease,AVX54630.1
JCVISYN3A_0137,rpmE,CDS,88733,89011,+,279,50S ribosomal protein L31,AVX54631.1
JCVISYN3A_0138,,CDS,89084,90982,+,1899,Uncharacterized protein,AVX54632.1
JCVISYN3A_0139,ytqI; orn,CDS,90992,91942,+,951,NanoRNAse,AVX54633.1
JCVISYN3A_0140,tdk,CDS,91944,92573,+,630,Thymidine kinase,AVX54634.1
JCVISYN3A_0141,prfA,CDS,92576,93670,+,1095,Peptide chain release factor 1,AVX54635.1
JCVISYN3A_0142,prmC,CDS,93663,94511,+,849,"Protein-(glutamine-N5) methyltransferase, release factor-specific",AVX54636.1
JCVISYN3A_0143,,CDS,94520,95992,+,1473,Uncharacterized protein,AVX54637.1
JCVISYN3A_0144,tsaC,CDS,96001,96501,+,501,tRNA (adenosine(37)-N6)-threonylcarbamoyltransferase complex transferase subunit,AVX54638.1
JCVISYN3A_0145,,CDS,96616,97530,+,915,Uncharacterized acetyltransferase,AVX54639.1
JCVISYN3A_0146,,CDS,97759,98466,+,708,Uncharacterized protein,AVX54640.1
JCVISYN3A_0147,clsA,CDS,98466,99995,+,1530,Cardiolipin synthase,AVX54641.1
JCVISYN3A_0148,rpsL,CDS,100119,100538,+,420,30S ribosomal protein S12,AVX54642.1
JCVISYN3A_0149,rpsG,CDS,100625,101092,+,468,30S ribosomal protein S7,AVX54643.1
JCVISYN3A_0150,,CDS,101117,103186,+,2070,Translation elongation factor G,AVX54644.1
JCVISYN3A_0151,,CDS,103318,104505,+,1188,Translation elongation factor Tu,AVX54645.1
JCVISYN3A_0158,ssrA,tmRNA,104782,105192,+,411,Transfer-messenger RNA,
JCVISYN3A_0163,alaRS,CDS,105431,108121,-,2691,Alanine--tRNA ligase,AVX54646.1
JCVISYN3A_0164,,CDS,108195,108689,-,495,Uncharacterized protein,AVX54647.1
JCVISYN3A_0165,amiC,CDS,108907,110151,+,1245,Oligopeptide ABC transporter permease,AVX54648.1
JCVISYN3A_0166,,CDS,110167,111177,+,1011,Oligopeptide ABC transporter permease,AVX54649.1
JCVISYN3A_0167,amiE,CDS,111191,112891,+,1701,Oligopeptide ABC transporter ATP-binding protein,AVX54650.1
JCVISYN3A_0168,amiF,CDS,112893,114761,+,1869,Oligopeptide ABC transporter ATP-binding protein,AVX54651.1
JCVISYN3A_0169,amiA,CDS,114778,117879,+,3102,Oligopeptide ABC transporter substrate-binding protein,AVX54652.1
JCVISYN3A_0195,potC,CDS,118738,121848,-,3111,Spermidine/putrescine ABC transporter permease,AVX54653.1
JCVISYN3A_0196,potB,CDS,121833,122825,-,993,Spermidine/putrescine ABC transporter permease,AVX54654.1
JCVISYN3A_0197,potA,CDS,122825,123880,-,1056,Spermidine/putrescine ABC transporter ATP-binding protein,AVX54655.1
JCVISYN3A_0198,rplT,CDS,124254,124613,-,360,50S ribosomal protein L20,AVX54656.1
JCVISYN3A_0199,rpmI,CDS,124632,124823,-,192,50S ribosomal protein L35,AVX54657.1
JCVISYN3A_0200,infC,CDS,124849,125394,-,546,Translation initiation factor IF-3,AVX54658.1
JCVISYN3A_0201,def,CDS,125583,126185,-,603,Peptide deformylase,AVX54659.1
JCVISYN3A_0202,rsmD,CDS,126259,126816,+,558,16S rRNA (guanine(966)-N(2))-methyltransferase,AVX54660.1
JCVISYN3A_0203,gmk,CDS,126819,127712,+,894,Guanylate kinase,AVX54661.1
JCVISYN3A_0213,eno,CDS,127920,129275,+,1356,Phosphopyruvate hydratase,AVX54662.1
JCVISYN3A_0214,pgpA,CDS,129342,130163,+,822,Phosphatidylglycerophosphatase,AVX54663.1
JCVISYN3A_0215,yrrK; yqgF,CDS,130165,130596,+,432,Putative pre-16S rRNA nuclease,AVX54664.1
JCVISYN3A_0216,hptA,CDS,130602,131174,+,573,Hypoxanthine phosphoribosyltransferase,AVX54665.1
JCVISYN3A_0218,glpK,CDS,131274,132791,-,1518,Glycerol kinase,AVX54666.1
JCVISYN3A_0220,pfkA,CDS,133142,134122,+,981,6-Phosphofructokinase,AVX54667.1
JCVISYN3A_0221,pyk,CDS,134193,135629,+,1437,Pyruvate kinase,AVX54668.1
JCVISYN3A_0222,thrRS,CDS,135894,137813,+,1920,Threonine--tRNA ligase,AVX54669.1
JCVISYN3A_0227,pdhC,CDS,138324,139649,+,1326,Branched-chain alpha-keto acid dehydrogenase subunit E2,AVX54670.1
JCVISYN3A_0228,lpdA,CDS,139668,141557,+,1890,Dihydrolipoyl dehydrogenase,AVX54671.1
JCVISYN3A_0229,pta,CDS,141579,142547,+,969,Phosphate acetyltransferase,AVX54672.1
JCVISYN3A_0230,ackA,CDS,142560,143741,+,1182,Acetate kinase,AVX54673.1
JCVISYN3A_0233,ptsI,CDS,143903,145624,+,1722,Phosphoenolpyruvate--protein phosphotransferase,AVX54674.1
JCVISYN3A_0234,crr,CDS,145706,146170,+,465,PTS glucose transporter subunit IIA,AVX54675.1
JCVISYN3A_0235,,CDS,146279,146461,+,183,Uncharacterized protein,AVX54676.1
JCVISYN3A_0238,rpsD,CDS,146578,147204,-,627,30S ribosomal protein S4,AVX54677.1
JCVISYN3A_0239,,CDS,147459,149246,+,1788,Uncharacterized protein,AVX54678.1
JCVISYN3A_0240,thiI,CDS,149254,150441,+,1188,tRNA 4-thiouridine(8) synthase,AVX54679.1
JCVISYN3A_0247,ysxC; yihA,CDS,150614,151204,-,591,Ribosome biogenesis GTP-binding protein,AVX54680.1
JCVISYN3A_0248,,CDS,151198,151758,-,561,Uncharacterized protein,AVX54681.1
JCVISYN3A_0249,,CDS,151760,152338,-,579,Uncharacterized protein,AVX54682.1
JCVISYN3A_0250,,CDS,152341,153030,-,690,Uncharacterized protein,AVX54683.1
JCVISYN3A_0253,greA,CDS,153156,153629,-,474,Transcription elongation factor,AVX54684.1
JCVISYN3A_0254,uvrC,CDS,153752,155506,-,1755,Excinuclease ABC subunit C,AVX54685.1
JCVISYN3A_0257,rnjB,CDS,155628,157379,-,1752,RNase J family beta-CASP ribonuclease,AVX54686.1
JCVISYN3A_0259,nadK,CDS,157516,158313,-,798,NAD(+) kinase,AVX54687.1
JCVISYN3A_0260,valRS,CDS,158424,161042,-,2619,Valine--tRNA ligase,AVX54688.1
JCVISYN3A_0262,rpe,CDS,161214,161891,-,678,Ribulose-phosphate 3-epimerase,AVX54689.1
JCVISYN3A_0263,,CDS,161893,162795,-,903,Ribosome small subunit-dependent GTPase A,AVX54690.1
JCVISYN3A_0264,,CDS,162805,163920,-,1116,Uncharacterized serine/threonine protein kinase,AVX54691.1
JCVISYN3A_0270,tsaE; yjeE,CDS,164055,164471,+,417,tRNA (N6-adenosine(37)-N6)-threonylcarbamoyltransferase complex ATPase,AVX54692.1
JCVISYN3A_0271,tsaB; yeaZ,CDS,164473,165036,+,564,tRNA N6-adenosine(37)-N6-threonylcarbamoyltransferase complex dimerization subunit,AVX54693.1
JCVISYN3A_0280,tRNA-Ser,tRNA,165578,165667,+,90,tRNA-Ser,
JCVISYN3A_0281,,CDS,165787,166467,+,681,Uncharacterized protein,AVX54694.1
JCVISYN3A_0282,proRS,CDS,166448,167872,+,1425,Proline--tRNA ligase,AVX54695.1
JCVISYN3A_0283,rnhA,CDS,167885,168502,+,618,Double-stranded RNA binding RNase HI,AVX54696.1
JCVISYN3A_0285,lepA; EF4,CDS,168527,170329,+,1803,Elongation factor 4,AVX54697.1
JCVISYN3A_0286,,CDS,170355,171161,+,807,Uncharacterized protein,AVX54698.1
JCVISYN3A_0287,aspRS,CDS,171178,172902,-,1725,Aspartate--tRNA ligase,AVX54699.1
JCVISYN3A_0288,hisRS,CDS,172911,174155,-,1245,Histidine--tRNA ligase,AVX54700.1
JCVISYN3A_0289,rbfA,CDS,174340,174693,+,354,Ribosome-binding factor A,AVX54701.1
JCVISYN3A_0290,truB,CDS,174743,175621,+,879,tRNA pseudouridine(55) synthase,AVX54702.1
JCVISYN3A_0291,ribF,CDS,175608,176162,+,555,FAD synthetase,AVX54703.1
JCVISYN3A_0294,rpsO,CDS,176397,176663,+,267,30S ribosomal protein S15,AVX54704.1
JCVISYN3A_0295,tRNA-Gly,tRNA,176723,176796,+,74,tRNA-Gly,
JCVISYN3A_0296,,CDS,176894,177538,+,645,Uncharacterized protein,AVX54705.1
JCVISYN3A_0297,infB,CDS,177557,179419,-,1863,Translation initiation factor IF-2,AVX54706.1
JCVISYN3A_0298,,CDS,179441,179740,-,300,Uncharacterized L7Ae family protein,AVX54707.1
JCVISYN3A_0299,,CDS,179727,180008,-,282,Uncharacterized protein,AVX54708.1
JCVISYN3A_0300,nusA,CDS,179989,181743,-,1755,Transcription termination/antitermination protein NusA,AVX54709.1
JCVISYN3A_0301,rimP,CDS,181752,182246,-,495,Ribosome assembly cofactor,AVX54710.1
JCVISYN3A_0302,fre,CDS,182359,183009,-,651,Flavin reductase,AVX54711.1
JCVISYN3A_0303,polC,CDS,183022,187470,-,4449,PolC-type DNA polymerase III,AVX54712.1
JCVISYN3A_0304,cdsA,CDS,187479,188507,-,1029,Phosphatidate cytidylyltransferase,AVX54713.1
JCVISYN3A_0305,,CDS,188706,189782,-,1077,Uncharacterized metallopeptidase,AVX54714.1
JCVISYN3A_0308,trpRS,CDS,190227,191237,+,1011,Tryptophan--tRNA ligase,AVX54715.1
JCVISYN3A_0314,ecfS,CDS,191373,192107,+,735,Uncharacterized ECF transporter S component,AVX54716.1
JCVISYN3A_0315,,CDS,192229,192381,+,153,Uncharacterized protein,AVX54717.1
JCVISYN3A_0316,tkt,CDS,192440,194410,+,1971,Transketolase,AVX54718.1
JCVISYN3A_0317,,CDS,194426,194671,+,246,Uncharacterized protein,AVX54719.1
JCVISYN3A_0325,,CDS,196094,197593,+,1500,Uncharacterized protein,AVX54720.1
JCVISYN3A_0326,,CDS,197611,198372,+,762,Uncharacterized protein,AVX54721.1
JCVISYN3A_0327,scpA,CDS,198382,199218,+,837,Chromosome segregation protein A,AVX54722.1
JCVISYN3A_0328,scpB,CDS,199202,199831,+,630,Chromosome segregation protein B,AVX54723.1
JCVISYN3A_0329,rluB,CDS,199899,200657,+,759,Uncharacterized pseudouridine synthase,AVX54724.1
JCVISYN3A_0330,dgk,CDS,200667,201284,+,618,Deoxyguanosine kinase,AVX54725.1
JCVISYN3A_0332,,CDS,201395,202222,+,828,Uncharacterized protein,AVX54726.1
JCVISYN3A_0338,,CDS,202897,203616,+,720,Uncharacterized lipoprotein,AVX54727.1
JCVISYN3A_0344,ppa,CDS,204074,204634,-,561,Inorganic diphosphatase,AVX54728.1
JCVISYN3A_0345,ecfS,CDS,204773,205663,+,891,Uncharacterized ECF transporter S component,AVX54729.1
JCVISYN3A_0346,,CDS,205729,206424,+,696,Uncharacterized protein,AVX54730.1
JCVISYN3A_0347,cmk,CDS,206433,207095,+,663,Cytidylate kinase,AVX54731.1
JCVISYN3A_0348,engA,CDS,207102,208409,+,1308,Ribosome biogenesis GTPase,AVX54732.1
JCVISYN3A_0350,hupA,CDS,208464,208736,+,273,DNA-binding protein,AVX54733.1
JCVISYN3A_0352,,CDS,208791,209339,+,549,Uncharacterized protein,AVX54734.1
JCVISYN3A_0353,,CDS,209403,209780,+,378,Uncharacterized protein,AVX54735.1
JCVISYN3A_0356,rnpB,ncRNA,210198,210537,+,340,RNase P RNA component class B,
JCVISYN3A_0359,,CDS,210712,212241,+,1530,Ribonuclease Y,AVX54736.1
JCVISYN3A_0360,ffh,CDS,212275,213618,+,1344,Signal recognition particle protein,AVX54737.1
JCVISYN3A_0361,rlmH,CDS,213622,214089,+,468,23S rRNA (pseudouridine(1915)-N3)-methyltransferase,AVX54738.1
JCVISYN3A_0362,rpsP,CDS,214180,214458,+,279,30S ribosomal protein S16,AVX54739.1
JCVISYN3A_0363,rimM,CDS,214490,214984,+,495,16S rRNA processing protein,AVX54740.1
JCVISYN3A_0364,trmD,CDS,214986,215708,+,723,tRNA (guanosine(37)-N1)-methyltransferase,AVX54741.1
JCVISYN3A_0365,rplS,CDS,215710,216093,+,384,50S ribosomal protein L19,AVX54742.1
JCVISYN3A_0366,ylqF; rbgA,CDS,216192,217142,+,951,L16-binding dependent 50S subunit-maturation GTPase,AVX54743.1
JCVISYN3A_0371,ywjA,CDS,217523,219394,+,1872,Flippase A,AVX54744.1
JCVISYN3A_0372,ywjA,CDS,219410,221263,+,1854,Flippase B,AVX54745.1
JCVISYN3A_0373,,CDS,221297,222904,+,1608,Uncharacterized protein,AVX54746.1
JCVISYN3A_0374,tRNA-Arg,tRNA,222960,223036,+,77,tRNA-Arg,
JCVISYN3A_0375,,CDS,223090,223830,+,741,Uncharacterized protein,AVX54747.1
JCVISYN3A_0376,,CDS,223802,224146,+,345,Uncharacterized protein,AVX54748.1
JCVISYN3A_0377,obgE,CDS,224217,225518,+,1302,Ribosome GTPase,AVX54749.1
JCVISYN3A_0378,nadE,CDS,225520,226257,+,738,NAD(+) synthase,AVX54750.1
JCVISYN3A_0379,,CDS,226274,226552,+,279,Uncharacterized protein,AVX54751.1
JCVISYN3A_0380,nadD,CDS,226570,227667,+,1098,Nicotinate (nicotinamide) nucleotide adenylyltransferase,AVX54752.1
JCVISYN3A_0381,mtnN,CDS,227672,228331,+,660,5'-Methylthioadenosine nucleosidase,AVX54753.1
JCVISYN3A_0382,dnk,CDS,228341,228979,+,639,Deoxynucleoside kinase,AVX54754.1
JCVISYN3A_0387,mnmA,CDS,229208,230335,+,1128,tRNA 2-thiouridine(34) synthase,AVX54755.1
JCVISYN3A_0388,,CDS,230382,230999,+,618,Uncharacterized protein,AVX54756.1
JCVISYN3A_0389,,CDS,231075,233219,+,2145,Uncharacterized protein,AVX54757.1
JCVISYN3A_0390,fmt,CDS,233209,234162,+,954,Methionyl-tRNA formyltransferase,AVX54758.1
JCVISYN3A_0391,efp,CDS,234249,234803,+,555,Elongation factor P,AVX54759.1
JCVISYN3A_0392,,CDS,234821,235123,+,303,Uncharacterized protein,AVX54760.1
JCVISYN3A_0394,lon,CDS,235262,237622,+,2361,Endopeptidase La,AVX54761.1
JCVISYN3A_0398,,CDS,237760,240222,-,2463,Uncharacterized lipoprotein,AVX54762.1
JCVISYN3A_0399,,CDS,240372,245633,+,5262,Uncharacterized efflux ABC transporter permease,AVX54763.1
JCVISYN3A_0400,,CDS,245681,246232,+,552,Uncharacterized protease,AVX54764.1
JCVISYN3A_0401,,CDS,246267,248114,+,1848,Uncharacterized peptidase,AVX54765.1
JCVISYN3A_0402,ybeY,CDS,248119,248613,+,495,rRNA maturation RNase,AVX54766.1
JCVISYN3A_0403,era,CDS,248617,249522,+,906,Ribosome GTPase,AVX54767.1
JCVISYN3A_0404,recO,CDS,249522,250271,+,750,DNA repair protein,AVX54768.1
JCVISYN3A_0405,glyRS,CDS,250335,251705,+,1371,Glycine--tRNA ligase,AVX54769.1
JCVISYN3A_0406,dnaG,CDS,251740,253578,+,1839,DNA primase,AVX54770.1
JCVISYN3A_0407,rpoD,CDS,253581,255101,+,1521,RNA polymerase subunit sigma,AVX54771.1
JCVISYN3A_0408,trmK; yqfN,CDS,255101,255778,+,678,Uncharacterized methyltransferase,AVX54772.1
JCVISYN3A_0409,,CDS,255765,256541,+,777,Uncharacterized protein,AVX54773.1
JCVISYN3A_0410,,CDS,256550,257911,+,1362,Uncharacterized helicase,AVX54774.1
JCVISYN3A_0411,,CDS,257951,259465,+,1515,Uncharacterized protein,AVX54775.1
JCVISYN3A_0412,,CDS,259581,263735,+,4155,Uncharacterized protein,AVX54776.1
JCVISYN3A_0413,apt,CDS,263747,264259,+,513,Adenine phosphoribosyltransferase,AVX54777.1
JCVISYN3A_0414,relA,CDS,264342,266606,+,2265,"Guanosine-3',5'-bis(diphosphate) 3'-pyrophosphohydrolase",AVX54778.1
JCVISYN3A_0415,smc,CDS,266643,269609,-,2967,Chromosome segregation protein,AVX54779.1
JCVISYN3A_0416,,CDS,269915,270304,-,390,Uncharacterized protein,AVX54780.1
JCVISYN3A_0418,,CDS,270449,271147,-,699,Ribonuclease III,AVX54781.1
JCVISYN3A_0419,plsX,CDS,271137,272141,-,1005,Phosphate acyltransferase,AVX54782.1
JCVISYN3A_0420,fakA,CDS,272174,273817,-,1644,Fatty acid kinase subunit A,AVX54783.1
JCVISYN3A_0421,,CDS,273842,274153,-,312,Uncharacterized protein,AVX54784.1
JCVISYN3A_0422,rpmB,CDS,274322,274519,+,198,50S ribosomal protein L28,AVX54785.1
JCVISYN3A_0423,tRNA-Leu,tRNA,274583,274667,+,85,tRNA-Leu,
JCVISYN3A_0424,,CDS,274750,275193,+,444,Uncharacterized protein,AVX54786.1
JCVISYN3A_0425,pstS,CDS,275282,276412,+,1131,Phosphate ABC transporter substrate-binding protein,AVX54787.1
JCVISYN3A_0426,pstA,CDS,276464,278554,+,2091,Phosphate ABC transporter permease,AVX54788.1
JCVISYN3A_0427,pstB,CDS,278547,279356,+,810,Phosphate ABC transporter ATP-binding protein,AVX54789.1
JCVISYN3A_0428,phoU,CDS,279365,280039,+,675,Phosphate transport system regulatory protein,AVX54790.1
JCVISYN3A_0429,ftsY,CDS,280106,281335,+,1230,Signal recognition particle-docking protein,AVX54791.1
JCVISYN3A_0430,,CDS,281319,281660,+,342,Uncharacterized DNA-binding protein,AVX54792.1
JCVISYN3A_0431,,CDS,281648,282421,+,774,Uncharacterized metallophosphoesterase,AVX54793.1
JCVISYN3A_0432,metK,CDS,282631,283794,+,1164,Methionine adenosyltransferase,AVX54794.1
JCVISYN3A_0433,cutC,CDS,283785,284468,+,684,Uncharacterized protein,AVX54795.1
JCVISYN3A_0434,rlmFO,CDS,284461,285777,+,1317,23S rRNA (uridine(1939)-m5)-methyltransferase,AVX54796.1
JCVISYN3A_0435,manA,CDS,285803,286732,+,930,Mannose-6-phosphate isomerase,AVX54797.1
JCVISYN3A_0437,yhaM,CDS,286805,287785,+,981,Putative 3'-5' exoribonuclease,AVX54798.1
JCVISYN3A_0438,hinT,CDS,287816,288214,-,399,Uncharacterized protein,AVX54799.1
JCVISYN3A_0439,,CDS,288217,290373,-,2157,Uncharacterized lipoprotein,AVX54800.1
JCVISYN3A_0440,,CDS,290373,293309,-,2937,Uncharacterized lipoprotein,AVX54801.1
JCVISYN3A_0441,iscS,CDS,293512,294750,+,1239,Cysteine desulfurase,AVX54802.1
JCVISYN3A_0442,iscU,CDS,294753,295190,+,438,Iron-sulfur cluster assembly scaffold protein,AVX54803.1
JCVISYN3A_0443,yggN,CDS,295183,295746,+,564,5-Formyltetrahydrofolate cyclo-ligase,AVX54804.1
JCVISYN3A_0444,,CDS,295767,297662,+,1896,Uncharacterized peptidase,AVX54805.1
JCVISYN3A_0445,pgi,CDS,297882,299165,+,1284,Glucose-6-phosphate isomerase,AVX54806.1
JCVISYN3A_0447,dut,CDS,299198,299701,+,504,dUTP diphosphatase,AVX54807.1
JCVISYN3A_0448,,CDS,299718,300485,+,768,Uncharacterized rRNA methyltransferase,AVX54808.1
JCVISYN3A_0451,gapdh,CDS,300656,302071,+,1416,Glyceraldehyde-3-phosphate dehydrogenase,AVX54809.1
JCVISYN3A_0452,parE,CDS,302258,304189,+,1932,DNA topoisomerase IV subunit B,AVX54810.1
JCVISYN3A_0453,parC,CDS,304191,306887,+,2697,DNA topoisomerase IV subunit A,AVX54811.1
JCVISYN3A_0475,ldh,CDS,307123,308079,-,957,L-lactate dehydrogenase,AVX54812.1
JCVISYN3A_0478,,CDS,308182,308766,-,585,Uncharacterized protein,AVX54813.1
JCVISYN3A_0479,,CDS,308771,310417,-,1647,Uncharacterized peptidase,AVX54814.1
JCVISYN3A_0481,,CDS,310640,311077,-,438,Uncharacterized lipoprotein,AVX54815.1
JCVISYN3A_0482,rpsU,CDS,311391,311555,+,165,30S ribosomal protein S21,AVX54816.1
JCVISYN3A_0154,,CDS,311816,313171,+,1356,Uncharacterized peptidase,AVX54817.1
JCVISYN3A_0493,,CDS,313335,314684,-,1350,Uncharacterized peptidase,AVX54818.1
JCVISYN3A_0494,nanE,CDS,314840,315520,-,681,N-acetylmannosamine-6-phosphate 2-epimerase,AVX54819.1
JCVISYN3A_0495,,CDS,315579,316454,-,876,Uncharacterized kinase,AVX54820.1
JCVISYN3A_0499,rpmA,CDS,316629,316910,-,282,50S ribosomal protein L27,AVX54821.1
JCVISYN3A_0500,prp;ysxB,CDS,316912,317226,-,315,Maturation protease for ribosomal protein L27,AVX54822.1
JCVISYN3A_0501,rplU,CDS,317229,317531,-,303,50S ribosomal protein L21,AVX54823.1
JCVISYN3A_0503,,CDS,317677,318078,-,402,Uncharacterized protein,AVX54824.1
JCVISYN3A_0504,rsmI,CDS,318101,318988,-,888,16S rRNA (cytidine(1402)-2'-O)-methyltransferase,AVX54825.1
JCVISYN3A_0930,rpmG,CDS,319048,319191,-,144,50S ribosomal protein L33,AVX54826.1
JCVISYN3A_0505,,CDS,319364,320437,+,1074,Uncharacterized lipoprotein,AVX54827.1
JCVISYN3A_0506,tRNA-Leu,tRNA,320530,320618,-,89,tRNA-Leu,
JCVISYN3A_0507,tRNA-Lys,tRNA,320629,320704,-,76,tRNA-Lys,
JCVISYN3A_0508,tRNA-Gln,tRNA,320709,320783,-,75,tRNA-Gln,
JCVISYN3A_0509,tRNA-Tyr,tRNA,320790,320873,-,84,tRNA-Tyr,
JCVISYN3A_0510,tRNA-Thr,tRNA,320880,320955,-,76,tRNA-Thr,
JCVISYN3A_0511,,CDS,321082,321705,-,624,Uncharacterized protein,AVX54828.1
JCVISYN3A_0512,plsC,CDS,321754,322701,-,948,Acyl-phosphate glycerol 3-phosphate acyltransferase,AVX54829.1
JCVISYN3A_0513,acpS,CDS,322858,323190,-,333,ACP synthase,AVX54830.1
JCVISYN3A_0515,dctD,CDS,323250,323732,-,483,Cytidine deaminase,AVX54831.1
JCVISYN3A_0516,,CDS,323735,325036,-,1302,Uncharacterized protein,AVX54832.1
JCVISYN3A_0517,rluD,CDS,325029,325961,-,933,Uncharacterized RNA pseudouridine synthase,AVX54833.1
JCVISYN3A_0518,lspA,CDS,325942,326550,-,609,Lipoprotein signal peptidase,AVX54834.1
JCVISYN3A_0519,ileRS,CDS,326541,329288,-,2748,Isoleucine--tRNA ligase,AVX54835.1
JCVISYN3A_0520,,CDS,329981,330970,-,990,Uncharacterized hydrolase,AVX54836.1
JCVISYN3A_0521,sepF,CDS,330983,331399,-,417,Cell division protein,AVX54837.1
JCVISYN3A_0522,ftsZ,CDS,331411,332568,-,1158,Cell division protein,AVX54838.1
JCVISYN3A_0523,ftsA,CDS,332683,333843,-,1161,Cell division protein,AVX54839.1
JCVISYN3A_0524,rsmH; mraW,CDS,333852,334778,-,927,16S rRNA (cytosine(1402)-N(4))-methyltransferase,AVX54840.1
JCVISYN3A_0525,mraZ,CDS,334787,335188,-,402,Cell division/cell wall cluster transcriptional repressor,AVX54841.1
JCVISYN3A_0526,rpmF,CDS,335295,335474,-,180,50S ribosomal protein L32,AVX54842.1
JCVISYN3A_0527,,CDS,335489,336007,-,519,Uncharacterized protein,AVX54843.1
JCVISYN3A_0528,pheRS,CDS,336007,338391,-,2385,Phenylalanine--tRNA ligase subunit beta,AVX54844.1
JCVISYN3A_0529,pheS,CDS,338400,339452,-,1053,Phenylalanine--tRNA ligase subunit alpha,AVX54845.1
JCVISYN3A_0530,,CDS,339482,340090,-,609,Uncharacterized protein,AVX54846.1
JCVISYN3A_0532,rrfB,rRNA,340214,340322,-,109,5S ribosomal RNA,
JCVISYN3A_0533,rrlB,rRNA,340384,343297,-,2914,23S ribosomal RNA,
JCVISYN3A_0534,rrsB,rRNA,343517,345051,-,1535,16S ribosomal RNA,
JCVISYN3A_0535,argRS,CDS,345258,346922,-,1665,Arginine--tRNA ligase,AVX54847.1
JCVISYN3A_0536,frr,CDS,346924,347472,-,549,Ribosome recycling factor,AVX54848.1
JCVISYN3A_0537,pyrH,CDS,347483,348196,-,714,UMP kinase,AVX54849.1
JCVISYN3A_0538,,CDS,348330,348935,-,606,Uncharacterized protein,AVX54850.1
JCVISYN3A_0539,tsf,CDS,348935,349822,-,888,Translation elongation factor Ts,AVX54851.1
JCVISYN3A_0540,rpsB,CDS,349834,350712,-,879,30S ribosomal protein S2,AVX54852.1
JCVISYN3A_0541,dnaJ,CDS,350920,352038,-,1119,Molecular chaperone,AVX54853.1
JCVISYN3A_0542,dnaK,CDS,352102,353877,-,1776,Molecular chaperone,AVX54854.1
JCVISYN3A_0543,grpE,CDS,353936,354538,-,603,Nucleotide exchange factor,AVX54855.1
JCVISYN3A_0544,hrcA,CDS,354540,355562,-,1023,Heat-inducible transcription repressor,AVX54856.1
JCVISYN3A_0545,clpB,CDS,355567,357708,-,2142,ATP-dependent Clp protease subunit B,AVX54857.1
JCVISYN3A_0546,,CDS,357871,358736,-,866,,
JCVISYN3A_0548,,CDS,358736,359281,-,546,tRNA (cytidine(34)-2'-O)-methyltransferase,AVX54858.1
JCVISYN3A_0549,rgdB,CDS,359294,359896,-,603,Non-canonical purine NTP pyrophosphatase,AVX54859.1
JCVISYN3A_0931,met14p,CDS,360403,361011,+,609,Adenylyl-sulfate kinase,AVX54860.1
JCVISYN3A_0592,,CDS,361575,362774,-,1200,Uncharacterized protein,AVX54861.1
JCVISYN3A_0593,,CDS,363271,363549,-,279,Uncharacterized protein,AVX54862.1
JCVISYN3A_0599,,CDS,363818,363958,-,141,Uncharacterized protein,AVX54863.1
JCVISYN3A_0600,rnjA,CDS,364772,366604,+,1833,Ribonuclease J,AVX54864.1
JCVISYN3A_0601,,CDS,366679,367623,+,945,Uncharacterized protein,AVX54865.1
JCVISYN3A_0602,,CDS,367755,369517,+,1763,,
JCVISYN3A_0604,,CDS,369520,370188,+,669,Uncharacterized protein,AVX54866.1
JCVISYN3A_0605,,CDS,370371,370679,+,309,Uncharacterized protein,AVX54867.1
JCVISYN3A_0606,pgk,CDS,370946,372160,-,1215,Phosphoglycerate kinase,AVX54868.1
JCVISYN3A_0607,gapDH,CDS,372272,373288,-,1017,Type I glyceraldehyde-3-phosphate dehydrogenase,AVX54869.1
JCVISYN3A_0608,dnaI,CDS,373389,374327,-,939,Primosomal protein,AVX54870.1
JCVISYN3A_0609,dnaB,CDS,374337,375521,-,1185,Chromosome replication initiation protein,AVX54871.1
JCVISYN3A_0610,mutM,CDS,375678,376502,-,825,DNA-formamidopyrimidine glycosylase,AVX54872.1
JCVISYN3A_0611,polA,CDS,376513,379248,-,2736,DNA polymerase I,AVX54873.1
JCVISYN3A_0612,dnaE,CDS,379257,382220,-,2964,DNA polymerase III subunit alpha,AVX54874.1
JCVISYN3A_0613,tyrRS,CDS,382415,383659,-,1245,Tyrosine--tRNA ligase,AVX54875.1
JCVISYN3A_0614,pncB,CDS,383668,384729,-,1062,Nicotinate phosphoribosyltransferase,AVX54876.1
JCVISYN3A_0615,,CDS,384707,385315,-,609,Uncharacterized protein,AVX54877.1
JCVISYN3A_0616,fakB,CDS,385390,386229,+,840,Fatty acid binding protein,AVX54878.1
JCVISYN3A_0617,fakB,CDS,386240,387091,+,852,Fatty acid binding protein,AVX54879.1
JCVISYN3A_0618,tRNA-Trp,tRNA,387127,387201,-,75,tRNA-Trp,
JCVISYN3A_0619,tRNA-Trp,tRNA,387239,387314,-,76,tRNA-Trp,
JCVISYN3A_0620,,CDS,387390,387854,-,465,Uncharacterized transcriptional regulator,AVX54880.1
JCVISYN3A_0621,acpA,CDS,387855,388076,-,222,Acyl carrier protein,AVX54881.1
JCVISYN3A_0622,,CDS,388100,388462,-,363,Uncharacterized lipoprotein,AVX54882.1
JCVISYN3A_0623,,CDS,388449,389519,-,1071,Uncharacterized protein,AVX54883.1
JCVISYN3A_0624,tRNA-His,tRNA,389620,389695,-,76,tRNA-His,
JCVISYN3A_0634,leuRS,CDS,389882,392296,-,2415,Leucine--tRNA ligase,AVX54884.1
JCVISYN3A_0635,tRNA-Ile,tRNA,392434,392510,-,77,tRNA-Ile,
JCVISYN3A_0636,,CDS,392583,395372,-,2790,Uncharacterized lipoprotein,AVX54885.1
JCVISYN3A_0637,rpsI,CDS,395531,395929,-,399,30S ribosomal protein S9,AVX54886.1
JCVISYN3A_0638,rplM,CDS,395929,396384,-,456,50S ribosomal protein L13,AVX54887.1
JCVISYN3A_0639,,CDS,396514,400659,-,4146,Uncharacterized efflux ABC transporter permease,AVX54888.1
JCVISYN3A_0640,truA,CDS,400754,401509,-,756,tRNA pseudouridine(38-40) synthase,AVX54889.1
JCVISYN3A_0641,ecfT,CDS,401512,402522,-,1011,ECF transporter T component,AVX54890.1
JCVISYN3A_0642,ecfA,CDS,402536,403447,-,912,ECF transporter ATPase,AVX54891.1
JCVISYN3A_0643,ecfA,CDS,403435,404661,-,1227,ECF transporter ATPase,AVX54892.1
JCVISYN3A_0644,rplQ,CDS,404769,405128,-,360,50S ribosomal protein L17,AVX54893.1
JCVISYN3A_0645,rpoA,CDS,405148,406101,-,954,DNA-directed RNA polymerase subunit alpha,AVX54894.1
JCVISYN3A_0646,rpsK,CDS,406105,406494,-,390,30S ribosomal protein S11,AVX54895.1
JCVISYN3A_0647,rpsM,CDS,406520,406885,-,366,30S ribosomal protein S13,AVX54896.1
JCVISYN3A_0648,rpmJ,CDS,406922,407035,-,114,50S ribosomal protein L36,AVX54897.1
JCVISYN3A_0649,infA,CDS,407104,407328,-,225,Translation initiation factor IF-1,AVX54898.1
JCVISYN3A_0650,map,CDS,407340,408095,-,756,Type I methionyl aminopeptidase,AVX54899.1
JCVISYN3A_0651,adk,CDS,408095,408736,-,642,Adenylate kinase,AVX54900.1
JCVISYN3A_0652,secY,CDS,408864,410312,-,1449,Preprotein translocase subunit,AVX54901.1
JCVISYN3A_0653,rplO,CDS,410312,410749,-,438,50S ribosomal protein L15,AVX54902.1
JCVISYN3A_0654,rpsE,CDS,410768,411532,-,765,30S ribosomal protein S5,AVX54903.1
JCVISYN3A_0655,rplR,CDS,411551,411901,-,351,50S ribosomal protein L18,AVX54904.1
JCVISYN3A_0656,rplF,CDS,411927,412469,-,543,50S ribosomal protein L6,AVX54905.1
JCVISYN3A_0657,rpsH,CDS,412483,412872,-,390,30S ribosomal protein S8,AVX54906.1
JCVISYN3A_0658,rpsN,CDS,412892,413077,-,186,30S ribosomal protein S14,AVX54907.1
JCVISYN3A_0659,rplE,CDS,413096,413638,-,543,50S ribosomal protein L5,AVX54908.1
JCVISYN3A_0660,rplX,CDS,413657,413983,-,327,50S ribosomal protein L24,AVX54909.1
JCVISYN3A_0661,rplN,CDS,413997,414365,-,369,50S ribosomal protein L14,AVX54910.1
JCVISYN3A_0662,rpsQ,CDS,414381,414641,-,261,30S ribosomal protein S17,AVX54911.1
JCVISYN3A_0663,rpmC,CDS,414638,415054,-,417,50S ribosomal protein L29,AVX54912.1
JCVISYN3A_0664,rplP,CDS,415054,415467,-,414,50S ribosomal protein L16,AVX54913.1
JCVISYN3A_0665,rpsC,CDS,415470,416171,-,702,30S ribosomal protein S3,AVX54914.1
JCVISYN3A_0666,rplV,CDS,416189,416524,-,336,50S ribosomal protein L22,AVX54915.1
JCVISYN3A_0667,rpsS,CDS,416548,416814,-,267,30S ribosomal protein S19,AVX54916.1
JCVISYN3A_0668,rplB,CDS,416836,417684,-,849,50S ribosomal protein L2,AVX54917.1
JCVISYN3A_0669,rplW,CDS,417739,418023,-,285,50S ribosomal protein L23,AVX54918.1
JCVISYN3A_0670,rplD,CDS,418023,418649,-,627,50S ribosomal protein L4,AVX54919.1
JCVISYN3A_0671,rplC,CDS,418662,419333,-,672,50S ribosomal protein L3,AVX54920.1
JCVISYN3A_0672,rpsJ,CDS,419409,419717,-,309,30S ribosomal protein S10,AVX54921.1
JCVISYN3A_0678,tRNA-Thr,tRNA,420560,420635,-,76,tRNA-Thr,
JCVISYN3A_0679,tRNA-Val,tRNA,420648,420723,-,76,tRNA-Val,
JCVISYN3A_0680,tRNA-Glu,tRNA,420731,420806,-,76,tRNA-Glu,
JCVISYN3A_0681,tRNA-Asn,tRNA,420814,420889,-,76,tRNA-Asn,
JCVISYN3A_0684,folD,CDS,420991,421857,-,867,"Bifunctional 5,10-methylene-tetrahydrofolate dehydrogenase/5,10-methylene-tetrahydrofolate cyclohydrolase",AVX54922.1
JCVISYN3A_0685,natA,CDS,421866,423467,-,1602,Sodium transporter,AVX54923.1
JCVISYN3A_0686,trkA,CDS,423546,424274,+,729,Potassium transporter,AVX54924.1
JCVISYN3A_0687,gatB,CDS,424301,425740,-,1440,Glutamyl-tRNA amidotransferase subunit B,AVX54925.1
JCVISYN3A_0688,gatA,CDS,425742,427199,-,1458,Glutamyl-tRNA amidotransferase subunit A,AVX54926.1
JCVISYN3A_0689,gatC,CDS,427199,427495,-,297,Glutamyl-tRNA amidotransferase subunit C,AVX54927.1
JCVISYN3A_0690,ligA,CDS,427497,429503,-,2007,DNA ligase (NAD(+)),AVX54928.1
JCVISYN3A_0691,,CDS,429507,431528,-,2022,Uncharacterized protein,AVX54929.1
JCVISYN3A_0692,,CDS,431531,432439,-,909,Uncharacterized pseudouridine synthase,AVX54930.1
JCVISYN3A_0693,,CDS,432442,433410,-,969,Uncharacterized protease,AVX54931.1
JCVISYN3A_0694,ptsH,CDS,433466,433735,-,270,Phosphocarrier protein,AVX54932.1
JCVISYN3A_0695,pcrA,CDS,433800,435968,-,2169,ATP-dependent DNA helicase,AVX54933.1
JCVISYN3A_0696,,CDS,435985,436740,-,756,Uncharacterized transporter,AVX54934.1
JCVISYN3A_0697,,CDS,436740,437696,-,957,Uncharacterized glycosyl transferase,AVX54935.1
JCVISYN3A_0706,thiB,CDS,438118,439866,-,1749,Thiamine ABC transporter permease,AVX54936.1
JCVISYN3A_0707,thiQ,CDS,439830,440579,-,750,Thiamine ABC transporter ATP-binding protein,AVX54937.1
JCVISYN3A_0708,thiB,CDS,440593,442056,-,1464,Thiamine ABC transporter substrate-binding protein,AVX54938.1
JCVISYN3A_0710,,CDS,442279,443142,-,864,Uncharacterized hydrolase,AVX54939.1
JCVISYN3A_0717,tRNA-Arg,tRNA,443479,443555,+,77,tRNA-Arg,
JCVISYN3A_0718,tRNA-Pro,tRNA,443603,443679,+,77,tRNA-Pro,
JCVISYN3A_0719,tRNA-Ala,tRNA,443690,443765,+,76,tRNA-Ala,
JCVISYN3A_0720,tRNA-Met,tRNA,443770,443846,+,77,tRNA-Met,
JCVISYN3A_0721,tRNA-Met,tRNA,443858,443934,+,77,tRNA-Met,
JCVISYN3A_0722,tRNA-Ser,tRNA,443977,444069,+,93,tRNA-Ser,
JCVISYN3A_0723,tRNA-Met,tRNA,444092,444167,+,76,tRNA-Met,
JCVISYN3A_0724,tRNA-Asp,tRNA,444170,444246,+,77,tRNA-Asp,
JCVISYN3A_0725,tRNA-Phe,tRNA,444255,444330,+,76,tRNA-Phe,
JCVISYN3A_0726,nagB,CDS,444438,445172,+,735,Glucosamine-6-phosphate deaminase,AVX54940.1
JCVISYN3A_0727,tpiA,CDS,445270,446016,+,747,Triose-phosphate isomerase,AVX54941.1
JCVISYN3A_0728,,CDS,446009,446845,+,837,Uncharacterized hydrolase,AVX54942.1
JCVISYN3A_0729,pgm,CDS,446848,448443,+,1596,"Phosphoglycerate mutase (2,3-diphosphoglycerate-independent)",AVX54943.1
JCVISYN3A_0730,,CDS,448543,449142,+,600,Uncharacterized protein,AVX54944.1
JCVISYN3A_0732,deoC,CDS,449195,449863,-,669,Deoxyribose-phosphate aldolase,AVX54945.1
JCVISYN3A_0733,deoB,CDS,449875,451551,-,1677,Phosphopentomutase,AVX54946.1
JCVISYN3A_0747,punA,CDS,451915,452568,+,654,Purine-nucleoside phosphorylase,AVX54947.1
JCVISYN3A_0771,nrdE,CDS,452721,454883,-,2163,Ribonucleotide-diphosphate reductase subunit alpha,AVX54948.1
JCVISYN3A_0772,nrdI,CDS,454870,455343,-,474,Ribonucleotide reductase assembly protein,AVX54949.1
JCVISYN3A_0773,nrdF,CDS,455352,456371,-,1020,Ribonucleoside-diphosphate reductase subunit beta,AVX54950.1
JCVISYN3A_0774,secG,CDS,456670,456954,+,285,Preprotein translocase subunit,AVX54951.1
JCVISYN3A_0775,rnr,CDS,456990,459104,+,2115,Ribonuclease R,AVX54952.1
JCVISYN3A_0776,smpB,CDS,459114,459560,+,447,SsrA-binding protein,AVX54953.1
JCVISYN3A_0777,,CDS,459560,460045,+,486,Uncharacterized protein,AVX54954.1
JCVISYN3A_0778,,CDS,460165,460416,+,252,Uncharacterized protein,AVX54955.1
JCVISYN3A_0779,ptsG,CDS,460467,462704,+,2238,PTS sugar transporter,AVX54956.1
JCVISYN3A_0787,mgtA,CDS,463042,465870,-,2829,Magnesium-translocating P-type ATPase,AVX54957.1
JCVISYN3A_0789,atpC,CDS,466288,466587,-,300,F0F1 ATP synthase subunit delta/epsilon,AVX54958.1
JCVISYN3A_0790,atpD,CDS,466587,468014,-,1428,F0F1 ATP synthase subunit beta,AVX54959.1
JCVISYN3A_0791,atpG,CDS,468023,468865,-,843,F0F1 ATP synthase subunit gamma,AVX54960.1
JCVISYN3A_0792,atpA,CDS,468867,470444,-,1578,F0F1 ATP synthase subunit alpha,AVX54961.1
JCVISYN3A_0793,atpD,CDS,470456,471001,-,546,F0F1 ATP synthase subunit delta,AVX54962.1
JCVISYN3A_0794,atpF,CDS,471003,471548,-,546,F0F1 ATP synthase subunit B,AVX54963.1
JCVISYN3A_0795,atpE,CDS,471577,471882,-,306,F0F1 ATP synthase subunit C,AVX54964.1
JCVISYN3A_0796,atpB,CDS,471912,472775,-,864,F0F1 ATP synthase subunit A,AVX54965.1
JCVISYN3A_0797,,CDS,472775,473173,-,399,Uncharacterized protein,AVX54966.1
JCVISYN3A_0798,upp,CDS,473313,473936,-,624,Uracil phosphoribosyltransferase,AVX54967.1
JCVISYN3A_0799,glyA,CDS,474036,475277,-,1242,Serine hydroxymethyltransferase,AVX54968.1
JCVISYN3A_0800,rpiB,CDS,475261,475704,-,444,Ribose 5-phosphate isomerase B,AVX54969.1
JCVISYN3A_0803,rpoC,CDS,475872,479639,-,3768,DNA-directed RNA polymerase subunit beta',AVX54970.1
JCVISYN3A_0804,rpoB,CDS,479651,483526,-,3876,DNA-directed RNA polymerase subunit beta,AVX54971.1
JCVISYN3A_0805,,CDS,483516,484691,-,1176,Uncharacterized protein,AVX54972.1
JCVISYN3A_0806,rplG,CDS,484862,485230,-,369,50S ribosomal protein L7/L12,AVX54973.1
JCVISYN3A_0807,rplJ,CDS,485299,485796,-,498,50S ribosomal protein L10,AVX54974.1
JCVISYN3A_0809,rplA,CDS,486023,486703,-,681,50S ribosomal protein L1,AVX54975.1
JCVISYN3A_0810,rplK,CDS,486703,487131,-,429,50S ribosomal protein L11,AVX54976.1
JCVISYN3A_0813,galE,CDS,487642,488640,+,999,UDP-glucose 4-epimerase GalE,AVX54977.1
JCVISYN3A_0814,glf,CDS,488654,489841,+,1188,UDP-galactopyranose mutase,AVX54978.1
JCVISYN3A_0817,whiA,CDS,490471,491400,-,930,Uncharacterized DNA-binding protein,AVX54979.1
JCVISYN3A_0818,lgt,CDS,491413,492843,-,1431,Diacylglyceryl transferase,AVX54980.1
JCVISYN3A_0819,trx,CDS,492852,493784,-,933,Thioredoxin-disulfide reductase,AVX54981.1
JCVISYN3A_0820,lgt,CDS,493768,495348,-,1581,Diacylglyceryl transferase,AVX54982.1
JCVISYN3A_0821,hpr; ptsH,CDS,495359,496300,-,942,HPr(Ser) kinase/phosphatase,AVX54983.1
JCVISYN3A_0822,ecfS,CDS,496384,497058,-,675,Uncharacterized ECF transporter S component,AVX54984.1
JCVISYN3A_0823,folC,CDS,497075,498190,-,1116,Dihydrofolate synthase,AVX54985.1
JCVISYN3A_0824,uvrA,CDS,498183,501023,-,2841,Excinuclease ABC subunit A,AVX54986.1
JCVISYN3A_0825,uvrB,CDS,501032,503029,-,1998,Excinuclease ABC subunit B,AVX54987.1
JCVISYN3A_0826,yqeN,CDS,503314,504264,+,951,DNA polymerase III subunit delta,AVX54988.1
JCVISYN3A_0827,,CDS,504267,505733,+,1467,Uncharacterized protein,AVX54989.1
JCVISYN3A_0828,tRNA-Cys,tRNA,505899,505973,+,75,tRNA-Cys,
JCVISYN3A_0830,,CDS,506111,506371,+,261,Uncharacterized protein,AVX54990.1
JCVISYN3A_0831,prs,CDS,506551,507585,+,1035,Phosphoribosylpyrophosphate synthetase,AVX54991.1
JCVISYN3A_0832,pth,CDS,508011,508571,+,561,Aminoacyl-tRNA hydrolase,AVX54992.1
JCVISYN3A_0833,rplI,CDS,508692,509135,+,444,50S ribosomal protein L9,AVX54993.1
JCVISYN3A_0834,dnaC,CDS,509138,510454,+,1317,Replicative DNA helicase,AVX54994.1
JCVISYN3A_0835,,CDS,510521,511828,+,1308,Uncharacterized lipoprotein,AVX54995.1
JCVISYN3A_0836,ecfS,CDS,511970,512896,+,927,Uncharacterized ECF transporter S component,AVX54996.1
JCVISYN3A_0837,cysRS,CDS,512905,514230,+,1326,Cysteine--tRNA ligase,AVX54997.1
JCVISYN3A_0838,rlmB,CDS,514232,514966,+,735,23S rRNA (guanosine(2251)-2'-O)-methyltransferase,AVX54998.1
JCVISYN3A_0932,rpmG,CDS,515027,515188,+,162,50S ribosomal protein L33,AVX54999.1
JCVISYN3A_0839,secE,CDS,515188,515511,+,324,Preprotein translocase subunit,AVX55000.1
JCVISYN3A_0840,nusG,CDS,515528,516169,+,642,Antitermination protein,AVX55001.1
JCVISYN3A_0851,,CDS,516675,516857,-,183,Uncharacterized lipoprotein,AVX55002.1
JCVISYN3A_0852,,CDS,517023,517253,-,231,Uncharacterized protein,AVX55003.1
JCVISYN3A_0853,,CDS,517243,517962,-,720,Uncharacterized protein,AVX55004.1
JCVISYN3A_0859,topA,CDS,518165,520126,+,1962,DNA topoisomerase I,AVX55005.1
JCVISYN3A_0870,,CDS,520382,522148,-,1767,Uncharacterized C4-dicarboxylate ABC transporter,AVX55006.1
JCVISYN3A_0872,ychF,CDS,522217,523311,-,1095,Uncharacterized ATPase,AVX55007.1
JCVISYN3A_0873,,CDS,523347,523547,-,201,Uncharacterized protein,AVX55008.1
JCVISYN3A_0874,rsmG,CDS,523549,524244,-,696,16S rRNA (guanine(527)-N(7))-methyltransferase,AVX55009.1
JCVISYN3A_0875,pgsA,CDS,524244,524840,-,597,CDP-diacylglycerol--glycerol-3-phosphate 3-phosphatidyltransferase,AVX55010.1
JCVISYN3A_0876,,CDS,524942,526522,-,1581,Uncharacterized amino acid permease,AVX55011.1
JCVISYN3A_0877,,CDS,526669,527349,-,681,Uncharacterized protein,AVX55012.1
JCVISYN3A_0878,,CDS,527321,528859,-,1539,Uncharacterized amino acid permease,AVX55013.1
JCVISYN3A_0879,corA,CDS,528917,531574,-,2658,Magnesium transporter,AVX55014.1
JCVISYN3A_0881,,CDS,531973,533400,-,1428,Uncharacterized MFS transporter,AVX55015.1
JCVISYN3A_0885,mnmG; gidA,CDS,533864,535753,-,1890,tRNA uridine(34) 5-carboxymethylaminomethyl synthesis enzyme,AVX55016.1
JCVISYN3A_0886,gltP,CDS,535901,537478,-,1578,Proton-glutamate symporter,AVX55017.1
JCVISYN3A_0887,cdr,CDS,537498,538841,-,1344,Coenzyme A Disulfide Reductase,AVX55018.1
JCVISYN3A_0906,,CDS,539821,540537,-,717,Uncharacterized protein,AVX55019.1
JCVISYN3A_0907,,CDS,540537,541331,-,795,Uncharacterized hydrolase,AVX55020.1
JCVISYN3A_0908,yidC,CDS,541408,542598,-,1191,Membrane protein insertase,AVX55021.1
JCVISYN3A_0909,rnpA,CDS,542616,542945,-,330,Ribonuclease P protein component,AVX55022.1
JCVISYN3A_0910,rpmH,CDS,542952,543086,-,135,50S ribosomal protein L34,AVX55023.1
